Field Category/String,Field Title,Admin Roles,Content Roles,End Users,From Mukurtu
block.block.claro_breadcrumbs:settings:labelBreadcrumbs,Breadcrumbs,,,,
block.block.claro_content:settings:labelMain page content,Main page content,,,,
block.block.claro_help:settings:labelHelp,Help,,,,
block.block.claro_local_actions:settings:labelPrimary admin actions,Primary admin actions,,,,
block.block.claro_messages:settings:labelStatus messages,Status messages,,,,
block.block.claro_page_title:settings:labelPage title,Page title,,,,
block.block.claro_primary_local_tasks:settings:labelPrimary tabs,Primary tabs,,,,
block.block.claro_secondary_local_tasks:settings:labelSecondary tabs,Secondary tabs,,,,
block.block.gin_breadcrumbs:settings:labelBreadcrumbs,Breadcrumbs,,,,
block.block.gin_content:settings:labelMain page content,Main page content,x,x,,
block.block.gin_help:settings:labelHelp,Help,x,x,,
block.block.gin_local_actions:settings:labelPrimary admin actions,Primary admin actions,x,,,
block.block.gin_messages:settings:labelStatus messages,Status messages,x,,,
block.block.gin_page_title:settings:labelPage title,Page title,x,x,,
block.block.gin_primary_local_tasks:settings:labelPrimary tabs,Primary tabs,x,,,
block.block.gin_secondary_local_tasks:settings:labelSecondary tabs,Secondary tabs,x,,,
block.block.mukurtu_v4_account_menu:settings:labelUser account menu,User account menu,x,x,x,x
block.block.mukurtu_v4_branding:settings:labelSite branding,Site branding,x,,,x
block.block.mukurtu_v4_breadcrumbs:settings:labelBreadcrumbs,Breadcrumbs,,,,
block.block.mukurtu_v4_content:settings:labelMain page content,Main page content,x,x,,x
block.block.mukurtu_v4_footer:settings:labelFooter menu,Footer menu,x,,,x
block.block.mukurtu_v4_help:settings:labelHelp,Help,x,,,x
block.block.mukurtu_v4_languageswitcher_1:settings:labelLanguage Switcher,Language Switcher,x,x,x,x
block.block.mukurtu_v4_languageswitcher_1:settings:label_display1,1,,,,
block.block.mukurtu_v4_local_actions:settings:labelPrimary admin actions,Primary admin actions,x,,,x
block.block.mukurtu_v4_local_tasks:settings:labelTabs,Tabs,x,x,,x
block.block.mukurtu_v4_main_menu:settings:labelMain navigation,Main navigation,x,x,,x
block.block.mukurtu_v4_messages:settings:labelStatus messages,Status messages,x,,,x
block.block.mukurtu_v4_mukurtu_dashboard_menu:settings:labelMukurtu,Mukurtu,x,x,x,x
block.block.mukurtu_v4_mukurtu_dashboard_menu:settings:label_displayvisible,visible,x,,,x
block.block.mukurtu_v4_mukurtu_footer:settings:labelMukurtu Footer,Mukurtu Footer,x,,,x
block.block.mukurtu_v4_mukurtu_footer:settings:label_displayvisible,visible,x,,,x
block.block.mukurtu_v4_page_title:settings:labelPage title,Page title,x,x,,x
block.block.mukurtu_v4_powered:settings:labelPowered by Drupal,Powered by Drupal,x,,,x
block.block.mukurtu_v4_tools:settings:labelTools,Tools,x,,,x
block.block.mukurtu_v4_tools:settings:label_displayvisible,visible,x,,,x
block_content.type.basic:labelBasic block,Basic block,x,,,
block_content.type.basic:descriptionA basic block contains a title and a body.,A basic block contains a title and a body.,x,,,
block_content.type.featured_content:labelFeatured Content,Featured Content,x,x,x,
block_content.type.full_image_with_description:labelFull Image With Description,Full Image With Description,x,x,,
block_content.type.full_image_with_description:descriptionFull-width background image block with overlaid title and description text.,Full-width background image block with overlaid title and description text.,x,x,,
block_content.type.image_with_description:labelImage with Description,Image with Description,x,x,,
"block_content.type.image_with_description:descriptionTwo column block with image on the left side, followed by title and text on the right.","Two column block with image on the left side, followed by title and text on the right.",x,x,,
block_content.type.vertical_image_with_description:labelVertical Image With Description,Vertical Image With Description,x,x,,
"block_content.type.vertical_image_with_description:descriptionSingle column block with image on top, followed by title and text below","Single column block with image on top, followed by title and text below",x,x,,
comment.type.comment:labelDefault comments,Default comments,x,,,
comment.type.comment:descriptionAllows commenting on content,Allows commenting on content,x,x,,
config_pages.type.design_settings:labelDesign Settings,Design Settings,x,,,
config_pages.type.design_settings:menu:descriptionSwitch the color palette of your Mukurtu installation.,Switch the color palette of your Mukurtu installation.,x,,,
contact.form.feedback:labelWebsite feedback,Website feedback,x,,,
contact.form.feedback:messageYour message has been sent.,Your message has been sent.,x,,,
contact.form.personal:labelPersonal contact form,Personal contact form,x,x,x,
contact.form.personal:messageYour message has been sent.,Your message has been sent.,x,x,x,
core.base_field_override.block_content.basic.changed:labelChanged,Changed,x,,,
core.base_field_override.block_content.basic.changed:descriptionThe time that the content block was last edited.,The time that the content block was last edited.,x,,,
core.base_field_override.block_content.basic.info:labelBlock description,Block description,x,,,
core.base_field_override.block_content.basic.info:descriptionA brief description of your block.,A brief description of your block.,x,,,
core.base_field_override.block_content.basic.status:labelPublished,Published,x,,,
core.base_field_override.block_content.basic.status:settings:on_labelOn,On,x,,,
core.base_field_override.block_content.basic.status:settings:off_labelOff,Off,x,,,
core.base_field_override.block_content.featured_content.changed:labelChanged,Changed,x,,,
core.base_field_override.block_content.featured_content.changed:descriptionThe time that the content block was last edited.,The time that the content block was last edited.,x,,,
core.base_field_override.block_content.featured_content.info:labelBlock description,Block description,x,,,
core.base_field_override.block_content.featured_content.info:descriptionA brief description of your block.,A brief description of your block.,x,,,
core.base_field_override.block_content.featured_content.status:labelPublished,Published,x,,,
core.base_field_override.block_content.featured_content.status:settings:on_labelOn,On,x,,,
core.base_field_override.block_content.featured_content.status:settings:off_labelOff,Off,x,,,
core.base_field_override.block_content.full_image_with_description.changed:labelChanged,Changed,x,,,
core.base_field_override.block_content.full_image_with_description.changed:descriptionThe time that the content block was last edited.,The time that the content block was last edited.,x,,,
core.base_field_override.block_content.full_image_with_description.info:labelBlock description,Block description,x,,,
core.base_field_override.block_content.full_image_with_description.info:descriptionA brief description of your block.,A brief description of your block.,x,,,
core.base_field_override.block_content.full_image_with_description.status:labelPublished,Published,x,,,
core.base_field_override.block_content.full_image_with_description.status:settings:on_labelOn,On,x,,,
core.base_field_override.block_content.full_image_with_description.status:settings:off_labelOff,Off,x,,,
core.base_field_override.block_content.image_with_description.changed:labelChanged,Changed,x,,,
core.base_field_override.block_content.image_with_description.changed:descriptionThe time that the content block was last edited.,The time that the content block was last edited.,x,,,
core.base_field_override.block_content.image_with_description.info:labelBlock description,Block description,x,,,
core.base_field_override.block_content.image_with_description.info:descriptionA brief description of your block.,A brief description of your block.,x,,,
core.base_field_override.block_content.image_with_description.status:labelPublished,Published,x,,,
core.base_field_override.block_content.image_with_description.status:settings:on_labelOn,On,x,,,
core.base_field_override.block_content.image_with_description.status:settings:off_labelOff,Off,x,,,
core.base_field_override.block_content.vertical_image_with_description.changed:labelChanged,Changed,x,,,
core.base_field_override.block_content.vertical_image_with_description.changed:descriptionThe time that the content block was last edited.,The time that the content block was last edited.,x,,,
core.base_field_override.block_content.vertical_image_with_description.info:labelBlock description,Block description,x,,,
core.base_field_override.block_content.vertical_image_with_description.info:descriptionA brief description of your block.,A brief description of your block.,x,,,
core.base_field_override.block_content.vertical_image_with_description.status:labelPublished,Published,x,,,
core.base_field_override.block_content.vertical_image_with_description.status:settings:on_labelOn,On,x,,,
core.base_field_override.block_content.vertical_image_with_description.status:settings:off_labelOff,Off,x,,,
core.base_field_override.community.community.field_description:labelDescription,Description,x,x,,
core.base_field_override.community.community.field_local_contexts_description:labelLocal Contexts Description,Local Contexts Description,x,x,,
core.base_field_override.community.community.name:labelCommunity name,Community name,x,x,,
core.base_field_override.community.community.name:descriptionThe name of the Community.,The name of the Community.,x,x,,
core.base_field_override.community.community.path:labelURL alias,URL alias,x,,,
core.base_field_override.community.community.status:labelPublished,Published,x,,,
core.base_field_override.community.community.status:descriptionA boolean indicating whether the Community is published.,A boolean indicating whether the Community is published.,x,,,
core.base_field_override.community.community.status:settings:on_labelOn,On,x,,,
core.base_field_override.community.community.status:settings:off_labelOff,Off,x,,,
core.base_field_override.language_community.language_community.status:labelPublished,Published,x,,,
core.base_field_override.language_community.language_community.status:descriptionA boolean indicating whether the Language community is published.,A boolean indicating whether the Language community is published.,x,,,
core.base_field_override.language_community.language_community.status:settings:on_labelOn,On,x,,,
core.base_field_override.language_community.language_community.status:settings:off_labelOff,Off,x,,,
core.base_field_override.language_community.language_community.user_id:labelAuthored by,Authored by,x,x,,
core.base_field_override.language_community.language_community.user_id:descriptionThe user ID of author of the Language community.,The user ID of author of the Language community.,x,x,,
core.base_field_override.menu_link_content.menu_link_content.changed:labelChanged,Changed,x,x,,
core.base_field_override.menu_link_content.menu_link_content.changed:descriptionThe time that the menu link was last edited.,The time that the menu link was last edited.,x,x,,
core.base_field_override.menu_link_content.menu_link_content.description:labelDescription,Description,x,x,,
core.base_field_override.menu_link_content.menu_link_content.description:descriptionShown when hovering over the menu link.,Shown when hovering over the menu link.,x,x,,
core.base_field_override.menu_link_content.menu_link_content.title:labelMenu link title,Menu link title,x,x,,
core.base_field_override.multipage_item.multipage_item.title:labelTitle,Title,x,x,x,
"core.base_field_override.multipage_item.multipage_item.title:descriptionA short, descriptive name for the multipage item. The title should give users useful information about the item when browsing or searching. Maximum 255 characters. </br>The title will default to the title or name of the content used as the first page, but can be changed.","A short, descriptive name for the multipage item. The title should give users useful information about the item when browsing or searching. Maximum 255 characters. </br>The title will default to the title or name of the content used as the first page, but can be changed.",x,x,,
core.base_field_override.node.article.changed:labelChanged,Changed,x,x,,x
core.base_field_override.node.article.changed:descriptionThe time that the node was last edited.,The time that the node was last edited.,,,,
core.base_field_override.node.article.created:labelAuthored on,Authored on,x,x,,x
core.base_field_override.node.article.created:descriptionThe date and time that the content was created.,The date and time that the content was created.,x,x,,x
core.base_field_override.node.article.menu_link:labelMenu link,Menu link,x,x,,x
core.base_field_override.node.article.menu_link:descriptionComputed menu link for the node (only available during node saving).,Computed menu link for the node (only available during node saving).,x,,,x
core.base_field_override.node.article.path:labelURL alias,URL alias,,,,
core.base_field_override.node.article.promote:labelPromoted to front page,Promoted to front page,x,x,,x
core.base_field_override.node.article.promote:settings:on_labelOn,On,x,x,,x
core.base_field_override.node.article.promote:settings:off_labelOff,Off,x,x,,x
core.base_field_override.node.article.status:labelPublished,Published,x,x,,x
core.base_field_override.node.article.status:settings:on_labelOn,On,x,x,,x
core.base_field_override.node.article.status:settings:off_labelOff,Off,x,x,,x
core.base_field_override.node.article.sticky:labelSticky at top of lists,Sticky at top of lists,x,,,x
core.base_field_override.node.article.sticky:settings:on_labelOn,On,x,,,x
core.base_field_override.node.article.sticky:settings:off_labelOff,Off,x,,,x
core.base_field_override.node.article.title:labelTitle,Title,x,x,x,x
core.base_field_override.node.article.uid:labelAuthored by,Authored by,x,x,x,x
core.base_field_override.node.article.uid:descriptionThe username of the content author.,The username of the content author.,x,x,,x
core.base_field_override.node.collection.changed:labelChanged,Changed,x,x,,x
core.base_field_override.node.collection.changed:descriptionThe time that the node was last edited.,The time that the node was last edited.,x,x,,x
core.base_field_override.node.collection.created:labelAuthored on,Authored on,x,x,,x
core.base_field_override.node.collection.created:descriptionThe date and time that the content was created.,The date and time that the content was created.,x,x,,x
core.base_field_override.node.collection.draft:labelDraft,Draft,x,x,,x
core.base_field_override.node.collection.draft:descriptionMark this item as a draft.,Mark this item as a draft.,x,x,,x
core.base_field_override.node.collection.draft:settings:on_labelOn,On,x,x,,x
core.base_field_override.node.collection.draft:settings:off_labelOff,Off,x,x,x,x
core.base_field_override.node.collection.field_citation:labelCitation,Citation,x,x,,x
core.base_field_override.node.collection.field_citation:descriptionCitation for the item.,Citation for the item.,x,x,,x
core.base_field_override.node.collection.field_description:labelDescription,Description,x,x,x,x
"core.base_field_override.node.collection.field_description:descriptionThe history, story, explanation, provenance, arrangement information, or other description information about the collection. This is often based on existing collection descriptions and may include finding aids and other supplementary documentation. </br>This HTML field can support rich text and embedded media assets using the editing toolbar.","The history, story, explanation, provenance, arrangement information, or other description information about the collection. This is often based on existing collection descriptions and may include finding aids and other supplementary documentation. </br>This HTML field can support rich text and embedded media assets using the editing toolbar.",x,x,,x
core.base_field_override.node.collection.field_source:labelSource,Source,x,x,x,x
"core.base_field_override.node.collection.field_source:descriptionSource provides a reference to the organization or individual responsible for the holding, description, origination, or contribution of the collection. Examples include institutions (e.g.,: ""Library of Congress, American Folklife Center""), or donors (e.g.,: ""Donated by John Smith""). Maximum 255 characters.","Source provides a reference to the organization or individual responsible for the holding, description, origination, or contribution of the collection. Examples include institutions (e.g.,: ""Library of Congress, American Folklife Center""), or donors (e.g.,: ""Donated by John Smith""). Maximum 255 characters.",x,x,,x
core.base_field_override.node.collection.field_summary:labelSummary,Summary,x,x,x,x
core.base_field_override.node.collection.field_summary:descriptionA short summary of the collection. The summary should supplement the title. The summary is displayed as part of the collection preview when browsing the site. Maximum 255 characters.,A short summary of the collection. The summary should supplement the title. The summary is displayed as part of the collection preview when browsing the site. Maximum 255 characters.,x,x,,x
core.base_field_override.node.collection.menu_link:labelMenu link,Menu link,x,x,,x
core.base_field_override.node.collection.menu_link:descriptionComputed menu link for the node (only available during node saving).,Computed menu link for the node (only available during node saving).,x,x,,x
core.base_field_override.node.collection.path:labelURL alias,URL alias,x,x,,x
core.base_field_override.node.collection.promote:labelPromoted to front page,Promoted to front page,x,x,,x
core.base_field_override.node.collection.promote:settings:on_labelOn,On,x,x,,x
core.base_field_override.node.collection.promote:settings:off_labelOff,Off,x,x,,x
core.base_field_override.node.collection.status:labelPublished,Published,x,x,,x
core.base_field_override.node.collection.status:settings:on_labelOn,On,x,x,,x
core.base_field_override.node.collection.status:settings:off_labelOff,Off,x,x,,x
core.base_field_override.node.collection.sticky:labelSticky at top of lists,Sticky at top of lists,x,,,x
core.base_field_override.node.collection.sticky:settings:on_labelOn,On,x,x,,x
core.base_field_override.node.collection.sticky:settings:off_labelOff,Off,x,x,,x
core.base_field_override.node.collection.title:labelCollection name,Collection name,x,x,x,x
"core.base_field_override.node.collection.title:descriptionA short, descriptive name for the collection. The name should give users useful information about the collection when browsing or searching. Maximum 255 characters.","A short, descriptive name for the collection. The name should give users useful information about the collection when browsing or searching. Maximum 255 characters.",x,x,,x
core.base_field_override.node.collection.uid:labelAuthored by,Authored by,x,x,,x
core.base_field_override.node.collection.uid:descriptionThe username of the content author.,The username of the content author.,x,x,,x
core.base_field_override.node.dictionary_word.changed:labelChanged,Changed,x,x,,x
core.base_field_override.node.dictionary_word.changed:descriptionThe time that the node was last edited.,The time that the node was last edited.,x,x,,x
core.base_field_override.node.dictionary_word.created:labelAuthored on,Authored on,x,x,,x
core.base_field_override.node.dictionary_word.created:descriptionThe date and time that the content was created.,The date and time that the content was created.,x,x, ,x
core.base_field_override.node.dictionary_word.draft:labelDraft,Draft,x,x,,x
core.base_field_override.node.dictionary_word.draft:descriptionMark this item as a draft.,Mark this item as a draft.,x,x,,x
core.base_field_override.node.dictionary_word.draft:settings:on_labelOn,On,x,x,,x
core.base_field_override.node.dictionary_word.draft:settings:off_labelOff,Off,x,x,,x
core.base_field_override.node.dictionary_word.field_alternate_spelling:labelAlternate Spelling,Alternate Spelling,x,x,x,x
"core.base_field_override.node.dictionary_word.field_alternate_spelling:descriptionAn alternate spelling of the term. Examples include historic or current variant spellings, spellings from different dialects or in different writing systems, or any other alternate spelling that will help find the dictionary word when searching. </br>Maximum 255 characters.","An alternate spelling of the term. Examples include historic or current variant spellings, spellings from different dialects or in different writing systems, or any other alternate spelling that will help find the dictionary word when searching. </br>Maximum 255 characters.",x,x,,x
core.base_field_override.node.dictionary_word.field_cultural_protocols:labelCultural Protocols,Cultural Protocols,x,x,x,x
core.base_field_override.node.dictionary_word.field_definition:labelDefinition,Definition,x,x,x,x
core.base_field_override.node.dictionary_word.field_definition:descriptionA longer definition or description of the entry. </br>This HTML field can support rich text and embedded media assets using the editing toolbar.,A longer definition or description of the entry. </br>This HTML field can support rich text and embedded media assets using the editing toolbar.,x,x,,x
core.base_field_override.node.dictionary_word.field_dictionary_word_language:labelLanguage,Language,x,x,x,x
"core.base_field_override.node.dictionary_word.field_dictionary_word_language:descriptionEach dictionary word is associated with one language. </br>Select a language. If only one language is available, it will be be pre-selected. Dictionary languages must first be configured by a Mukurtu Manager.","Each dictionary word is associated with one language. </br>Select a language. If only one language is available, it will be be pre-selected. Dictionary languages must first be configured by a Mukurtu Manager.",x,x,,x
core.base_field_override.node.dictionary_word.field_keywords:labelKeywords,Keywords,x,x,x,x
"core.base_field_override.node.dictionary_word.field_keywords:descriptionKeywords are used to tag dictionary words to ensure that they are discoverable when searching or browsing. </br>As you type, existing keywords will be displayed. Select an existing keyword or enter a new one. To include additional keywords, select ""Add another item"".","Keywords are used to tag dictionary words to ensure that they are discoverable when searching or browsing. </br>As you type, existing keywords will be displayed. Select an existing keyword or enter a new one. To include additional keywords, select ""Add another item"".",x,x,,x
core.base_field_override.node.dictionary_word.field_pronunciation:labelPronunciation,Pronunciation,x,x,x,x
"core.base_field_override.node.dictionary_word.field_pronunciation:descriptionA pronunciation guide used to teach language learners the correct pronunciation of the entry. Pronunciation guides may use a standard phonetic alphabet or whatever notation system is used by speakers and teachers of the language, eg: indicating stress with bold text or capitalizing syllables. </br>This HTML field can support rich text and embedded media assets using the editing toolbar.","A pronunciation guide used to teach language learners the correct pronunciation of the entry. Pronunciation guides may use a standard phonetic alphabet or whatever notation system is used by speakers and teachers of the language, eg: indicating stress with bold text or capitalizing syllables. </br>This HTML field can support rich text and embedded media assets using the editing toolbar.",x,x,,x
core.base_field_override.node.dictionary_word.field_source:labelSource,Source,x,x,x,x
"core.base_field_override.node.dictionary_word.field_source:descriptionReference to a resource from which the entry was collected or sourced. Examples include a specific dictionary or language researcher, or the places where the entry is used (in the case of dialectical variation, for example). </br>Maximum 255 characters.","Reference to a resource from which the entry was collected or sourced. Examples include a specific dictionary or language researcher, or the places where the entry is used (in the case of dialectical variation, for example). </br>Maximum 255 characters.",x,x,,x
core.base_field_override.node.dictionary_word.field_translation:labelTranslation,Translation,x,x,x,x
"core.base_field_override.node.dictionary_word.field_translation:descriptionTranslations of the entry into other languages. Consider indicating the language of the translation, eg: Apple (English). </br>Maximum 255 characters. </br>To include additional translations, select ""Add another item.""","Translations of the entry into other languages. Consider indicating the language of the translation, eg: Apple (English). </br>Maximum 255 characters. </br>To include additional translations, select ""Add another item.""",x,x,,x
core.base_field_override.node.dictionary_word.field_word_origin:labelWord Origin,Word Origin,x,x,x,x
core.base_field_override.node.dictionary_word.field_word_origin:descriptionInformation about the history or etymology of the entry. Examples include the origin language of a borrowed word or the date the word came into the language. </br>Maximum 255 characters.,Information about the history or etymology of the entry. Examples include the origin language of a borrowed word or the date the word came into the language. </br>Maximum 255 characters.,x,x,,x
core.base_field_override.node.dictionary_word.menu_link:labelMenu link,Menu link,x,x,,x
core.base_field_override.node.dictionary_word.menu_link:descriptionComputed menu link for the node (only available during node saving).,Computed menu link for the node (only available during node saving).,x,x,,x
core.base_field_override.node.dictionary_word.path:labelURL alias,URL alias,x,x,,x
core.base_field_override.node.dictionary_word.promote:labelPromoted to front page,Promoted to front page,x,x,,x
core.base_field_override.node.dictionary_word.promote:settings:on_labelOn,On,x,x,,x
core.base_field_override.node.dictionary_word.promote:settings:off_labelOff,Off,x,x,,x
core.base_field_override.node.dictionary_word.status:labelPublished,Published,x,x,,x
core.base_field_override.node.dictionary_word.status:settings:on_labelOn,On,x,x,,x
core.base_field_override.node.dictionary_word.status:settings:off_labelOff,Off,x,x,,x
core.base_field_override.node.dictionary_word.sticky:labelSticky at top of lists,Sticky at top of lists,x,x,,x
core.base_field_override.node.dictionary_word.sticky:settings:on_labelOn,On,x,x,,x
core.base_field_override.node.dictionary_word.sticky:settings:off_labelOff,Off,x,x,,x
core.base_field_override.node.dictionary_word.title:labelTerm,Term,x,x,x,x
"core.base_field_override.node.dictionary_word.title:descriptionA word, term, phrase, or other language element. </br>Maximum 255 characters.","A word, term, phrase, or other language element. </br>Maximum 255 characters.",x,x,,x
core.base_field_override.node.dictionary_word.uid:labelAuthored by,Authored by,x,x,,x
core.base_field_override.node.dictionary_word.uid:descriptionThe username of the content author.,The username of the content author.,x,x,,x
core.base_field_override.node.digital_heritage.changed:labelChanged,Changed,x,x,,x
core.base_field_override.node.digital_heritage.changed:descriptionThe time that the node was last edited.,The time that the node was last edited.,x,x,,x
core.base_field_override.node.digital_heritage.created:labelAuthored on,Authored on,x,x,,x
core.base_field_override.node.digital_heritage.created:descriptionThe date and time that the content was created.,The date and time that the content was created.,x,x,,x
core.base_field_override.node.digital_heritage.draft:labelDraft,Draft,x,x,,x
core.base_field_override.node.digital_heritage.draft:descriptionMark this item as a draft.,Mark this item as a draft.,x,x,,x
core.base_field_override.node.digital_heritage.draft:settings:on_labelOn,On,x,x,,x
core.base_field_override.node.digital_heritage.draft:settings:off_labelOff,Off,x,x,,x
core.base_field_override.node.digital_heritage.field_citation:labelCitation,Citation,x,x,x,x
core.base_field_override.node.digital_heritage.field_citation:descriptionCitation for the item.,Citation for the item.,x,x,,x
core.base_field_override.node.digital_heritage.field_cultural_narrative:labelCultural Narrative,Cultural Narrative,x,x,x,x
"core.base_field_override.node.digital_heritage.field_cultural_narrative:descriptionCultural narratives include historical or social context, expert community knowledge, community stories, and other relevant cultural context for the digital heritage item. For example, if the item is a basket this field may contain a narrative from the basket­ maker about their technique, or it may tell a story contrasting how the baskets were used by previous generations and how they are used today. </br>This HTML field can support rich text and embedded media assets using the editing toolbar.","Cultural narratives include historical or social context, expert community knowledge, community stories, and other relevant cultural context for the digital heritage item. For example, if the item is a basket this field may contain a narrative from the basket­ maker about their technique, or it may tell a story contrasting how the baskets were used by previous generations and how they are used today. </br>This HTML field can support rich text and embedded media assets using the editing toolbar.",x,x,,x
core.base_field_override.node.digital_heritage.field_cultural_protocols:labelCultural Protocols,Cultural Protocols,x,x,x,x
core.base_field_override.node.digital_heritage.field_date_description:labelDate Description,Date Description,x,x,x,x
"core.base_field_override.node.digital_heritage.field_date_description:descriptionUsed to supplement the original date field, or when a precise creation date of the media asset or information represented in the digital heritage item is not known. Examples include ""Summer 1995"" and ""circa 1800s"". </br>Maximum 255 characters.","Used to supplement the original date field, or when a precise creation date of the media asset or information represented in the digital heritage item is not known. Examples include ""Summer 1995"" and ""circa 1800s"". </br>Maximum 255 characters.",x,x,,x
core.base_field_override.node.digital_heritage.field_description:labelDescription,Description,x,x,x,x
"core.base_field_override.node.digital_heritage.field_description:descriptionDescriptions provide an account, explanation, or description of the digital heritage item or media asset. This may include physical characteristics, content information, an explanation of what is depicted, digitization and processing information, general notes, and any other relevant information that does not fit into a more structured field. </br>This HTML field can support rich text and embedded media assets using the editing toolbar.","Descriptions provide an account, explanation, or description of the digital heritage item or media asset. This may include physical characteristics, content information, an explanation of what is depicted, digitization and processing information, general notes, and any other relevant information that does not fit into a more structured field. </br>This HTML field can support rich text and embedded media assets using the editing toolbar.",x,x,,x
core.base_field_override.node.digital_heritage.field_external_links:labelExternal Links,External Links,x,x,x,x
"core.base_field_override.node.digital_heritage.field_external_links:descriptionLinks to other records or websites where the digital heritage item is available online, or to other related websites. Examples include the online catalog of the holding repository, or the publisher's listing. </br>To include additional links, select ""Add another item"".","Links to other records or websites where the digital heritage item is available online, or to other related websites. Examples include the online catalog of the holding repository, or the publisher's listing. </br>To include additional links, select ""Add another item"".",x,x,,x
core.base_field_override.node.digital_heritage.field_rights_and_usage:labelRights and Usage,Rights and Usage,x,x,x,x
"core.base_field_override.node.digital_heritage.field_rights_and_usage:descriptionA statement about the appropriate rights and usage regarding the digital heritage item, media asset, or presented knowledge. This may include identifying the legal or traditional rights holder. If the rights holder should be contacted for permission to use, reproduce, circulate, reference, or cite the item, provide their contact information. </br>Maximum 255 characters.","A statement about the appropriate rights and usage regarding the digital heritage item, media asset, or presented knowledge. This may include identifying the legal or traditional rights holder. If the rights holder should be contacted for permission to use, reproduce, circulate, reference, or cite the item, provide their contact information. </br>Maximum 255 characters.",x,x,,x
core.base_field_override.node.digital_heritage.field_source:labelSource,Source,x,x,x,x
"core.base_field_override.node.digital_heritage.field_source:descriptionSource provides a reference to the resource, collection, or institution where the digital heritage item is held, described, originated, or contributed. Examples include collections (e.g., “McWhorter Collection”), institutions (e.g.,: “Library of Congress, American Folklife Center), or donors (e.g.,: “Donated by John Smith”). </br>Maximum 255 characters.","Source provides a reference to the resource, collection, or institution where the digital heritage item is held, described, originated, or contributed. Examples include collections (e.g., “McWhorter Collection”), institutions (e.g.,: “Library of Congress, American Folklife Center), or donors (e.g.,: “Donated by John Smith”). </br>Maximum 255 characters.",x,x,,x
core.base_field_override.node.digital_heritage.field_summary:labelSummary,Summary,x,x,x,x
core.base_field_override.node.digital_heritage.field_summary:descriptionA short summary of the digital heritage item. The summary should supplement the title and help distinguish between similar items. The summary is displayed as part of the item preview when browsing the site. </br>Maximum 255 characters.,A short summary of the digital heritage item. The summary should supplement the title and help distinguish between similar items. The summary is displayed as part of the item preview when browsing the site. </br>Maximum 255 characters.,x,x,,x
core.base_field_override.node.digital_heritage.field_traditional_knowledge:labelTraditional Knowledge,Traditional Knowledge,x,x,x,x
"core.base_field_override.node.digital_heritage.field_traditional_knowledge:descriptionTraditional knowledge includes in-­depth community-specific knowledge about the digital heritage item. It is often used to provide information of social, spiritual, or esoteric significance. For example, if the item is a basket, this field may contain community, tribe, or clan-specific knowledge about the significance of design that is not widely known or that is specific that that community. </br>This HTML field can support rich text and embedded media assets using the editing toolbar.","Traditional knowledge includes in-­depth community-specific knowledge about the digital heritage item. It is often used to provide information of social, spiritual, or esoteric significance. For example, if the item is a basket, this field may contain community, tribe, or clan-specific knowledge about the significance of design that is not widely known or that is specific that that community. </br>This HTML field can support rich text and embedded media assets using the editing toolbar.",x,x,,x
core.base_field_override.node.digital_heritage.field_transcription:labelTranscription,Transcription,x,x,x,x
"core.base_field_override.node.digital_heritage.field_transcription:descriptionA basic text transcription of an audio or video recording, or of text in an image or document. Including a transcription allows the text to be discoverable when searching for digital heritage items.","A basic text transcription of an audio or video recording, or of text in an image or document. Including a transcription allows the text to be discoverable when searching for digital heritage items.",x,x,,x
core.base_field_override.node.digital_heritage.menu_link:labelMenu link,Menu link,x,x,,x
core.base_field_override.node.digital_heritage.menu_link:descriptionComputed menu link for the node (only available during node saving).,Computed menu link for the node (only available during node saving).,x,x,,x
core.base_field_override.node.digital_heritage.path:labelURL alias,URL alias,x,x,,x
core.base_field_override.node.digital_heritage.promote:labelPromoted to front page,Promoted to front page,x,x,,x
core.base_field_override.node.digital_heritage.promote:settings:on_labelOn,On,x,x,,x
core.base_field_override.node.digital_heritage.promote:settings:off_labelOff,Off,x,x,,x
core.base_field_override.node.digital_heritage.status:labelPublished,Published,x,x,,x
core.base_field_override.node.digital_heritage.status:settings:on_labelOn,On,x,x,,x
core.base_field_override.node.digital_heritage.status:settings:off_labelOff,Off,x,x,,x
core.base_field_override.node.digital_heritage.sticky:labelSticky at top of lists,Sticky at top of lists,x,x,,x
core.base_field_override.node.digital_heritage.sticky:settings:on_labelOn,On,x,x,,x
core.base_field_override.node.digital_heritage.sticky:settings:off_labelOff,Off,x,x,,x
core.base_field_override.node.digital_heritage.title:labelTitle,Title,x,x,x,x
"core.base_field_override.node.digital_heritage.title:descriptionA short, descriptive name for the digital heritage item. The title should give users useful information about the item when browsing or searching. Titles do not have to be unique. </br>Maximum 255 characters.","A short, descriptive name for the digital heritage item. The title should give users useful information about the item when browsing or searching. Titles do not have to be unique. </br>Maximum 255 characters.",x,x,,x
core.base_field_override.node.digital_heritage.uid:labelAuthored by,Authored by,x,x,,x
core.base_field_override.node.digital_heritage.uid:descriptionThe username of the content author.,The username of the content author.,x,x,,x
core.base_field_override.node.landing_page.changed:labelChanged,Changed,x,,,x
core.base_field_override.node.landing_page.changed:descriptionThe time that the node was last edited.,The time that the node was last edited.,x,,,x
core.base_field_override.node.landing_page.created:labelAuthored on,Authored on,x,,,x
core.base_field_override.node.landing_page.created:descriptionThe date and time that the content was created.,The date and time that the content was created.,x,,,x
core.base_field_override.node.landing_page.draft:labelDraft,Draft,x,,,x
core.base_field_override.node.landing_page.draft:descriptionMark this item as a draft.,Mark this item as a draft.,x,,,x
core.base_field_override.node.landing_page.draft:settings:on_labelOn,On,x,,,x
core.base_field_override.node.landing_page.draft:settings:off_labelOff,Off,x,,,x
core.base_field_override.node.landing_page.menu_link:labelMenu link,Menu link,x,,,x
core.base_field_override.node.landing_page.menu_link:descriptionComputed menu link for the node (only available during node saving).,Computed menu link for the node (only available during node saving).,x,,,x
core.base_field_override.node.landing_page.path:labelURL alias,URL alias,x,,,x
core.base_field_override.node.landing_page.promote:labelPromoted to front page,Promoted to front page,x,,,x
core.base_field_override.node.landing_page.promote:settings:on_labelOn,On,x,,,x
core.base_field_override.node.landing_page.promote:settings:off_labelOff,Off,x,,,x
core.base_field_override.node.landing_page.status:labelPublished,Published,x,,,x
core.base_field_override.node.landing_page.status:settings:on_labelOn,On,x,,,x
core.base_field_override.node.landing_page.status:settings:off_labelOff,Off,x,,,x
core.base_field_override.node.landing_page.sticky:labelSticky at top of lists,Sticky at top of lists,x,,,x
core.base_field_override.node.landing_page.sticky:settings:on_labelOn,On,x,,,x
core.base_field_override.node.landing_page.sticky:settings:off_labelOff,Off,x,,,x
core.base_field_override.node.landing_page.title:labelTitle,Title,x,,,x
core.base_field_override.node.landing_page.uid:labelAuthored by,Authored by,x,,,x
core.base_field_override.node.landing_page.uid:descriptionThe username of the content author.,The username of the content author.,x,,,x
core.base_field_override.node.page.changed:labelChanged,Changed,x,,,x
core.base_field_override.node.page.changed:descriptionThe time that the node was last edited.,The time that the node was last edited.,x,,,x
core.base_field_override.node.page.created:labelAuthored on,Authored on,x,,,x
core.base_field_override.node.page.created:descriptionThe date and time that the content was created.,The date and time that the content was created.,x,,,x
core.base_field_override.node.page.menu_link:labelMenu link,Menu link,x,,,x
core.base_field_override.node.page.menu_link:descriptionComputed menu link for the node (only available during node saving).,Computed menu link for the node (only available during node saving).,x,,,x
core.base_field_override.node.page.path:labelURL alias,URL alias,x,,,x
core.base_field_override.node.page.promote:labelPromoted to front page,Promoted to front page,x,,,x
core.base_field_override.node.page.promote:settings:on_labelOn,On,x,,,x
core.base_field_override.node.page.promote:settings:off_labelOff,Off,x,,,x
core.base_field_override.node.page.status:labelPublished,Published,x,,,x
core.base_field_override.node.page.status:settings:on_labelOn,On,x,,,x
core.base_field_override.node.page.status:settings:off_labelOff,Off,x,,,x
core.base_field_override.node.page.sticky:labelSticky at top of lists,Sticky at top of lists,x,,,x
core.base_field_override.node.page.sticky:settings:on_labelOn,On,x,,,x
core.base_field_override.node.page.sticky:settings:off_labelOff,Off,x,,,x
core.base_field_override.node.page.title:labelTitle,Title,x,,,x
core.base_field_override.node.page.uid:labelAuthored by,Authored by,x,,,x
core.base_field_override.node.page.uid:descriptionThe username of the content author.,The username of the content author.,x,,,x
core.base_field_override.node.person.field_cultural_protocols:labelCultural Protocols,Cultural Protocols,x,x,x,x
core.base_field_override.node.person.field_keywords:labelKeywords,Keywords,x,x,x,x
"core.base_field_override.node.person.field_keywords:descriptionKeywords are used to tag person records to ensure that they are discoverable when searching or browsing. Examples include significant life events or organizations which the person was involved with. As you type, existing keywords will be displayed. </br>Select an existing keyword or enter a new one. To include additional keywords, select ""Add another item"".","Keywords are used to tag person records to ensure that they are discoverable when searching or browsing. Examples include significant life events or organizations which the person was involved with. As you type, existing keywords will be displayed. </br>Select an existing keyword or enter a new one. To include additional keywords, select ""Add another item"".",x,x,,x
core.base_field_override.node.person.field_media_assets:labelMedia Assets,Media Assets,x,x,,x
"core.base_field_override.node.person.field_media_assets:descriptionMedia assets are a key element of most person records, though they are not required. Supported media types are images, documents, video, audio, and embed code. Person records can include more than one media asset, and each media asset can be a different media type. Media assets can be assigned a different cultural protocol from the person record to allow differential access to the media assets and metadata. </br>Select ""Add media"" to select or upload media assets.","Media assets are a key element of most person records, though they are not required. Supported media types are images, documents, video, audio, and embed code. Person records can include more than one media asset, and each media asset can be a different media type. Media assets can be assigned a different cultural protocol from the person record to allow differential access to the media assets and metadata. </br>Select ""Add media"" to select or upload media assets.",x,x,,x
core.base_field_override.node.person.field_related_content:labelRelated Content,Related Content,x,x,x,x
"core.base_field_override.node.person.field_related_content:descriptionPerson records can be related to any other site content when there is a connection between those items that is important to show. Note that the person record will automatically aggregate all content where the person is referenced based on the representative terms field, and manually managing related content may not be necessary. </br>Select ""Select Content"" to choose from existing site content.","Person records can be related to any other site content when there is a connection between those items that is important to show. Note that the person record will automatically aggregate all content where the person is referenced based on the representative terms field, and manually managing related content may not be necessary. </br>Select ""Select Content"" to choose from existing site content.",x,x,,x
core.base_field_override.node.person.menu_link:labelMenu link,Menu link,x,x,,x
core.base_field_override.node.person.menu_link:descriptionComputed menu link for the node (only available during node saving).,Computed menu link for the node (only available during node saving).,x,x,,x
core.base_field_override.node.person.promote:labelPromoted to front page,Promoted to front page,x,x,,x
core.base_field_override.node.person.promote:settings:on_labelOn,On,x,x,,x
core.base_field_override.node.person.promote:settings:off_labelOff,Off,x,x,,x
core.base_field_override.node.person.sticky:labelSticky at top of lists,Sticky at top of lists,x,x,,x
core.base_field_override.node.person.sticky:settings:on_labelOn,On,x,x,,x
core.base_field_override.node.person.sticky:settings:off_labelOff,Off,x,x,,x
core.base_field_override.node.person.title:labelName,Name,x,x,x,x
"core.base_field_override.node.person.title:descriptionThe person's name, as they should be primarily identified. Maximum 255 characters.","The person's name, as they should be primarily identified. Maximum 255 characters.",x,x,,x
core.base_field_override.node.word_list.changed:labelChanged,Changed,x,x,,x
core.base_field_override.node.word_list.changed:descriptionThe time that the node was last edited.,The time that the node was last edited.,x,x,,x
core.base_field_override.node.word_list.created:labelAuthored on,Authored on,x,x,,x
core.base_field_override.node.word_list.created:descriptionThe date and time that the content was created.,The date and time that the content was created.,x,x,,x
core.base_field_override.node.word_list.draft:labelDraft,Draft,x,x,,x
core.base_field_override.node.word_list.draft:descriptionMark this item as a draft.,Mark this item as a draft.,x,x,,x
core.base_field_override.node.word_list.draft:settings:on_labelOn,On,x,x,,x
core.base_field_override.node.word_list.draft:settings:off_labelOff,Off,x,x,,x
core.base_field_override.node.word_list.field_description:labelDescription,Description,x,x,x,x
"core.base_field_override.node.word_list.field_description:descriptionThe explanation or definition of the word list. The description may include guidance on use, explanation of word selection or arrangement, or any other contextual information. </br>This HTML field can support rich text and embedded media assets using the editing toolbar.","The explanation or definition of the word list. The description may include guidance on use, explanation of word selection or arrangement, or any other contextual information. </br>This HTML field can support rich text and embedded media assets using the editing toolbar.",x,x,,x
core.base_field_override.node.word_list.field_source:labelSource,Source,x,x,x,x
"core.base_field_override.node.word_list.field_source:descriptionSource provides a reference to the organization or individual responsible for the holding, description, origination, or contribution of the word list. Examples include institutions (e.g.,: ""Library of Congress, American Folklife Center""), or donors (e.g.,: ""Donated by John Smith""). Maximum 255 characters.","Source provides a reference to the organization or individual responsible for the holding, description, origination, or contribution of the word list. Examples include institutions (e.g.,: ""Library of Congress, American Folklife Center""), or donors (e.g.,: ""Donated by John Smith""). Maximum 255 characters.",x,x,,x
core.base_field_override.node.word_list.field_summary:labelSummary,Summary,x,x,x,x
core.base_field_override.node.word_list.field_summary:descriptionA short summary of the word list. The summary should supplement the title. The summary is displayed as part of the word list preview when browsing the site. Maximum 255 characters.,A short summary of the word list. The summary should supplement the title. The summary is displayed as part of the word list preview when browsing the site. Maximum 255 characters.,x,x,,x
core.base_field_override.node.word_list.menu_link:labelMenu link,Menu link,x,x,,x
core.base_field_override.node.word_list.menu_link:descriptionComputed menu link for the node (only available during node saving).,Computed menu link for the node (only available during node saving).,x,x,,x
core.base_field_override.node.word_list.path:labelURL alias,URL alias,x,x,,x
core.base_field_override.node.word_list.promote:labelPromoted to front page,Promoted to front page,x,x,,x
core.base_field_override.node.word_list.promote:settings:on_labelOn,On,x,x,,x
core.base_field_override.node.word_list.promote:settings:off_labelOff,Off,x,x,,x
core.base_field_override.node.word_list.status:labelPublished,Published,x,x,,x
core.base_field_override.node.word_list.status:settings:on_labelOn,On,x,x,,x
core.base_field_override.node.word_list.status:settings:off_labelOff,Off,x,x,,x
core.base_field_override.node.word_list.sticky:labelSticky at top of lists,Sticky at top of lists,x,x,,x
core.base_field_override.node.word_list.sticky:settings:on_labelOn,On,x,x,,x
core.base_field_override.node.word_list.sticky:settings:off_labelOff,Off,x,x,,x
core.base_field_override.node.word_list.title:labelWord list name,Word list name,x,x,x,x
"core.base_field_override.node.word_list.title:descriptionA short, descriptive name for the word list. The name should give users useful information about the word list when browsing or searching. Maximum 255 characters.","A short, descriptive name for the word list. The name should give users useful information about the word list when browsing or searching. Maximum 255 characters.",x,x,,x
core.base_field_override.node.word_list.uid:labelAuthored by,Authored by,x,x,,x
core.base_field_override.node.word_list.uid:descriptionThe username of the content author.,The username of the content author.,x,x,,x
core.base_field_override.paragraph.dictionary_word_entry.created:labelAuthored on,Authored on,x,x,,x
core.base_field_override.paragraph.dictionary_word_entry.created:descriptionThe time that the Paragraph was created.,The time that the Paragraph was created.,x,x,,x
core.base_field_override.paragraph.dictionary_word_entry.field_alternate_spelling:labelAlternate Spelling,Alternate Spelling,x,x,x,x
"core.base_field_override.paragraph.dictionary_word_entry.field_alternate_spelling:descriptionAn alternate spelling of the term. Examples include historic or current variant spellings, spellings from different dialects or in different writing systems, or any other alternate spelling that will help find the dictionary word when searching. </br>Maximum 255 characters.","An alternate spelling of the term. Examples include historic or current variant spellings, spellings from different dialects or in different writing systems, or any other alternate spelling that will help find the dictionary word when searching. </br>Maximum 255 characters.",x,x,,x
core.base_field_override.paragraph.dictionary_word_entry.field_definition:labelDefinition,Definition,x,x,x,x
core.base_field_override.paragraph.dictionary_word_entry.field_definition:descriptionA longer definition or description of the entry. </br>This HTML field can support rich text and embedded media assets using the editing toolbar.,A longer definition or description of the entry. </br>This HTML field can support rich text and embedded media assets using the editing toolbar.,x,x,,x
core.base_field_override.paragraph.dictionary_word_entry.field_pronunciation:labelPronunciation,Pronunciation,x,x,x,x
"core.base_field_override.paragraph.dictionary_word_entry.field_pronunciation:descriptionA pronunciation guide used to teach language learners the correct pronunciation of the entry. Pronunciation guides may use a standard phonetic alphabet or whatever notation system is used by speakers and teachers of the language, eg: indicating stress with bold text or capitalizing syllables. </br>This HTML field can support rich text and embedded media assets using the editing toolbar.","A pronunciation guide used to teach language learners the correct pronunciation of the entry. Pronunciation guides may use a standard phonetic alphabet or whatever notation system is used by speakers and teachers of the language, eg: indicating stress with bold text or capitalizing syllables. </br>This HTML field can support rich text and embedded media assets using the editing toolbar.",x,x,,x
core.base_field_override.paragraph.dictionary_word_entry.field_source:labelSource,Source,x,x,x,x
"core.base_field_override.paragraph.dictionary_word_entry.field_source:descriptionReference to a resource from which the entry was collected or sourced. Examples include a specific dictionary or language researcher, or the places where the entry is used (in the case of dialectical variation, for example). </br>Maximum 255 characters.","Reference to a resource from which the entry was collected or sourced. Examples include a specific dictionary or language researcher, or the places where the entry is used (in the case of dialectical variation, for example). </br>Maximum 255 characters.",x,x,,x
core.base_field_override.paragraph.dictionary_word_entry.field_translation:labelTranslation,Translation,x,x,x,x
"core.base_field_override.paragraph.dictionary_word_entry.field_translation:descriptionTranslations of the entry into other languages. Consider indicating the language of the translation, eg: Apple (English). </br>Maximum 255 characters. </br>To include additional translations, select ""Add another item.""","Translations of the entry into other languages. Consider indicating the language of the translation, eg: Apple (English). </br>Maximum 255 characters. </br>To include additional translations, select ""Add another item.""",x,x,,x
core.base_field_override.paragraph.dictionary_word_entry.field_word_origin:labelWord Origin,Word Origin,x,x,x,x
core.base_field_override.paragraph.dictionary_word_entry.field_word_origin:descriptionInformation about the history or etymology of the entry. Examples include the origin language of a borrowed word or the date the word came into the language. </br>Maximum 255 characters.,Information about the history or etymology of the entry. Examples include the origin language of a borrowed word or the date the word came into the language. </br>Maximum 255 characters.,x,x,,x
core.base_field_override.paragraph.dictionary_word_entry.status:labelPublished,Published,x,x,,x
core.base_field_override.paragraph.dictionary_word_entry.status:settings:on_labelOn,On,x,x,,x
core.base_field_override.paragraph.dictionary_word_entry.status:settings:off_labelOff,Off,x,x,,x
core.base_field_override.paragraph.formatted_text_with_title.created:labelAuthored on,Authored on,x,x,,x
core.base_field_override.paragraph.formatted_text_with_title.created:descriptionThe time that the Paragraph was created.,The time that the Paragraph was created.,x,x,,x
core.base_field_override.paragraph.formatted_text_with_title.field_body:labelBody,Body,x,x,,x
core.base_field_override.paragraph.formatted_text_with_title.field_body:descriptionThe body of the biography section. </br>This HTML field can support rich text and embedded media assets using the editing toolbar.,The body of the biography section. </br>This HTML field can support rich text and embedded media assets using the editing toolbar.,x,x,,x
core.base_field_override.paragraph.formatted_text_with_title.field_title:labelTitle,Title,x,x,x,x
"core.base_field_override.paragraph.formatted_text_with_title.field_title:descriptionThe title of the biography section. Examples include ""Early life"", ""Education"", or ""Professional career"". Maximum 255 characters.","The title of the biography section. Examples include ""Early life"", ""Education"", or ""Professional career"". Maximum 255 characters.",x,x,,x
core.base_field_override.paragraph.formatted_text_with_title.status:labelPublished,Published,x,x,,x
core.base_field_override.paragraph.formatted_text_with_title.status:settings:on_labelOn,On,x,x,,x
core.base_field_override.paragraph.formatted_text_with_title.status:settings:off_labelOff,Off,x,x,,x
core.base_field_override.paragraph.indigenous_knowledge_keepers.created:labelAuthored on,Authored on,x,x,,x
core.base_field_override.paragraph.indigenous_knowledge_keepers.created:descriptionThe time that the Paragraph was created.,The time that the Paragraph was created.,x,x,,x
core.base_field_override.paragraph.indigenous_knowledge_keepers.field_living_place:labelCity or Community They Live in,City or Community They Live in,x,x,x,x
"core.base_field_override.paragraph.indigenous_knowledge_keepers.field_living_place:descriptionKnowledge Keepers may live in places that differ from the origins of their knowledge, nation, or birthplace, and, in some cases, this may be an important relationship they want to recognize. Only used if applicable and indicated by the Knowledge Keeper. </br>Maximum 255 characters.","Knowledge Keepers may live in places that differ from the origins of their knowledge, nation, or birthplace, and, in some cases, this may be an important relationship they want to recognize. Only used if applicable and indicated by the Knowledge Keeper. </br>Maximum 255 characters.",x,x,,x
core.base_field_override.paragraph.indigenous_knowledge_keepers.field_name:labelName of the Elder or Knowledge Keeper,Name of the Elder or Knowledge Keeper,x,x,x,x
"core.base_field_override.paragraph.indigenous_knowledge_keepers.field_name:descriptionThe Knowledge Keeper's name(s), according to their personal or community preferences. This may include their appropriate title or status. </br>Maximum 255 characters.","The Knowledge Keeper's name(s), according to their personal or community preferences. This may include their appropriate title or status. </br>Maximum 255 characters.",x,x,,x
core.base_field_override.paragraph.indigenous_knowledge_keepers.field_nation:labelNation or Community,Nation or Community,x,x,x,x
"core.base_field_override.paragraph.indigenous_knowledge_keepers.field_nation:descriptionIncluding the Knowledge Keeper's Nation or community foregrounds the importance of relationships when it comes to Indigenous knowledges and recognizes which nations hold which teachings. The nation/community element of the citation not only recognizes the important relationship of an Elder or Knowledge Keeper to their nation or community, it helps celebrate the nuances between different community teachings. </br>Maximum 255 characters.","Including the Knowledge Keeper's Nation or community foregrounds the importance of relationships when it comes to Indigenous knowledges and recognizes which nations hold which teachings. The nation/community element of the citation not only recognizes the important relationship of an Elder or Knowledge Keeper to their nation or community, it helps celebrate the nuances between different community teachings. </br>Maximum 255 characters.",x,x,,x
core.base_field_override.paragraph.indigenous_knowledge_keepers.field_teaching:labelA Brief Description or Title of the Teaching,A Brief Description or Title of the Teaching,x,x,x,x
"core.base_field_override.paragraph.indigenous_knowledge_keepers.field_teaching:descriptionInformation such as the familial provenance of the teaching could be included here. For example, the citation might read: “Story about the sisters of the river as told to [Name of story keeper] by their grandmother [or the grandmother’s name].” This element should be discussed with the Knowledge Keeper, to properly describe or classify the knowledge they are sharing. </br>Maximum 255 characters.","Information such as the familial provenance of the teaching could be included here. For example, the citation might read: “Story about the sisters of the river as told to [Name of story keeper] by their grandmother [or the grandmother’s name].” This element should be discussed with the Knowledge Keeper, to properly describe or classify the knowledge they are sharing. </br>Maximum 255 characters.",x,x,,x
core.base_field_override.paragraph.indigenous_knowledge_keepers.field_treaty_territory:labelTreaty Territory,Treaty Territory,x,x,x,x
"core.base_field_override.paragraph.indigenous_knowledge_keepers.field_treaty_territory:descriptionFor some individuals, or in relation to some teachings, it may be important for the Knowledge Keeper to acknowledge their relationship to a treaty. This may be particularly important regarding oral teachings about land or treaty rights. Only used if applicable and indicated by the Knowledge Keeper. </br>Maximum 255 characters.","For some individuals, or in relation to some teachings, it may be important for the Knowledge Keeper to acknowledge their relationship to a treaty. This may be particularly important regarding oral teachings about land or treaty rights. Only used if applicable and indicated by the Knowledge Keeper. </br>Maximum 255 characters.",x,x,,x
core.base_field_override.paragraph.indigenous_knowledge_keepers.status:labelPublished,Published,x,x,,x
core.base_field_override.paragraph.indigenous_knowledge_keepers.status:settings:on_labelOn,On,x,x,,x
core.base_field_override.paragraph.indigenous_knowledge_keepers.status:settings:off_labelOff,Off,x,x,,x
core.base_field_override.paragraph.related_person.created:labelAuthored on,Authored on,x,x,,x
core.base_field_override.paragraph.related_person.created:descriptionThe time that the Paragraph was created.,The time that the Paragraph was created.,x,x,,x
core.base_field_override.paragraph.related_person.field_relationship_type:labelRelationship Type,Relationship Type,x,x,x,x
"core.base_field_override.paragraph.related_person.field_relationship_type:descriptionThe type of relationship between the related person and the subject of the person record. </br>As you type, existing relationship types will be displayed. Select an existing relationship type or enter a new one. To include additional relationship types, select ""Add another item"".","The type of relationship between the related person and the subject of the person record. </br>As you type, existing relationship types will be displayed. Select an existing relationship type or enter a new one. To include additional relationship types, select ""Add another item"".",x,x,,x
core.base_field_override.paragraph.related_person.status:labelPublished,Published,x,x,,x
core.base_field_override.paragraph.related_person.status:settings:on_labelOn,On,x,x,,x
core.base_field_override.paragraph.related_person.status:settings:off_labelOff,Off,x,x,,x
core.base_field_override.paragraph.sample_sentence.created:labelAuthored on,Authored on,x,x,,x
core.base_field_override.paragraph.sample_sentence.created:descriptionThe time that the Paragraph was created.,The time that the Paragraph was created.,x,x,,x
core.base_field_override.paragraph.sample_sentence.field_sentence:labelSample Sentence,Sample Sentence,x,x,x,x
core.base_field_override.paragraph.sample_sentence.field_sentence:descriptionText entry of the sample sentence. </br>Maximum 255 characters.,Text entry of the sample sentence. </br>Maximum 255 characters.,x,x,,x
core.base_field_override.paragraph.sample_sentence.status:labelPublished,Published,x,x,,x
core.base_field_override.paragraph.sample_sentence.status:settings:on_labelOn,On,x,x,,x
core.base_field_override.paragraph.sample_sentence.status:settings:off_labelOff,Off,x,x,,x
core.base_field_override.protocol.protocol.field_description:labelDescription,Description,x,x,,x
core.base_field_override.protocol.protocol.field_local_contexts_description:labelLocal Contexts Description,Local Contexts Description,x,x,x,x
core.base_field_override.protocol.protocol.name:labelCultural protocol name,Cultural protocol name,x,x,x,x
core.base_field_override.protocol.protocol.name:descriptionThe name of the Protocol.,The name of the Protocol.,x,x,,x
core.base_field_override.protocol.protocol.path:labelURL alias,URL alias,x,x,,x
core.base_field_override.protocol.protocol.status:labelPublished,Published,x,x,,x
core.base_field_override.protocol.protocol.status:descriptionA boolean indicating whether the Protocol is published.,A boolean indicating whether the Protocol is published.,x,x,,x
core.base_field_override.protocol.protocol.status:settings:on_labelOn,On,x,x,,x
core.base_field_override.protocol.protocol.status:settings:off_labelOff,Off,x,x,,x
core.date_format.fallback:labelFallback date format,Fallback date format,x,,,
core.date_format.html_date:labelHTML Date,HTML Date,x,,,
core.date_format.html_datetime:labelHTML Datetime,HTML Datetime,x,,,
core.date_format.html_month:labelHTML Month,HTML Month,x,,,
core.date_format.html_time:labelHTML Time,HTML Time,x,,,
core.date_format.html_week:labelHTML Week,HTML Week,x,,,
core.date_format.html_year:labelHTML Year,HTML Year,x,,,
core.date_format.html_yearless_date:labelHTML Yearless date,HTML Yearless date,x,,,
core.date_format.long:labelDefault long date,Default long date,,,,
"core.date_format.long:patternl, j F Y - H:i","l, j F Y - H:i",,,,
core.date_format.medium:labelDefault medium date,Default medium date,,,,
"core.date_format.medium:patternD, j M Y - H:i","D, j M Y - H:i",,,,
core.date_format.short:labelDefault short date,Default short date,,,,
core.date_format.short:patternj M Y - H:i,j M Y - H:i,,,,
core.entity_form_display.node.collection.default:third_party_settings:field_group:group_main_tab:labelMain Tab,Main Tab,x,x,,x
core.entity_form_display.node.collection.default:third_party_settings:field_group:group_mukurtu_essentials:labelMukurtu Essentials,Mukurtu Essentials,x,x,,x
core.entity_form_display.node.collection.default:third_party_settings:field_group:group_related_content:labelRelated Content,Related Content,x,x,,x
core.entity_form_display.node.collection.default:third_party_settings:field_group:group_additional_fields:labelAdditional Fields,Additional Fields,x,x,,x
core.entity_form_display.node.collection.default:third_party_settings:field_group:group_local_contexts:labelLocal Contexts,Local Contexts,x,x,,x
"core.entity_form_display.node.collection.default:third_party_settings:field_group:group_local_contexts:format_settings:description""The Local Contexts Traditional Knowledge (TK) and Biocultural (BC) Labels are tools for Indigenous communities and local organizations. Developed through sustained partnership and testing within Indigenous communities across multiple countries, the Labels allow communities to express local and specific conditions for sharing and engaging in future research and relationships in ways that are consistent with already existing community rules, governance, and protocols for using, sharing, and circulating knowledge and data."" For more information, visit <a href=""https://localcontexts.org"">localcontexts.org</a>. </br>You must first customize your TK and BC Labels using the Local Contexts Hub and import your Project(s) before you can apply Projects or Labels to collections. </br>Note that this does NOT apply Projects or Labels to content within the collection, that is done on a per-content basis.","""The Local Contexts Traditional Knowledge (TK) and Biocultural (BC) Labels are tools for Indigenous communities and local organizations. Developed through sustained partnership and testing within Indigenous communities across multiple countries, the Labels allow communities to express local and specific conditions for sharing and engaging in future research and relationships in ways that are consistent with already existing community rules, governance, and protocols for using, sharing, and circulating knowledge and data."" For more information, visit <a href=""https://localcontexts.org"">localcontexts.org</a>. </br>You must first customize your TK and BC Labels using the Local Contexts Hub and import your Project(s) before you can apply Projects or Labels to collections. </br>Note that this does NOT apply Projects or Labels to content within the collection, that is done on a per-content basis.",x,x,,x
core.entity_form_display.node.collection.default:third_party_settings:field_group:group_locations:labelLocations,Locations,x,x,,x
"core.entity_form_display.node.collection.default:third_party_settings:field_group:group_locations:format_settings:descriptionA set of location related fields that include mapping/geographic data for visually placing and displaying collections, as well as descriptive and taxonomic fields.","A set of location related fields that include mapping/geographic data for visually placing and displaying collections, as well as descriptive and taxonomic fields.",x,x,,x
core.entity_form_display.node.dictionary_word.default:third_party_settings:field_group:group_main_tab:labelMain Tab,Main Tab,x,x,,x
core.entity_form_display.node.dictionary_word.default:third_party_settings:field_group:group_mukurtu_essentials:labelMukurtu Essentials,Mukurtu Essentials,x,x,,x
core.entity_form_display.node.dictionary_word.default:third_party_settings:field_group:group_entries:labelWord Entries,Word Entries,x,x,,x
"core.entity_form_display.node.dictionary_word.default:third_party_settings:field_group:group_entries:format_settings:descriptionA dictionary word can have multiple word entries within it. This allows for more granular presentation of word conjugations, declensions, other forms (eg: gendered or plural forms), or display of closely connected forms of the word. Only the main word is shown when searching or browsing. </br>Each word entry can include all fields from the Mukurtu Essentials tab except cultural protocols, sharing setting, language, and glossary, since those describe the dictionary word as a whole. </br>Word entries can be rearranged and collapsed for easier editing. To create additional word entries, select ""Add Word Entry"".","A dictionary word can have multiple word entries within it. This allows for more granular presentation of word conjugations, declensions, other forms (eg: gendered or plural forms), or display of closely connected forms of the word. Only the main word is shown when searching or browsing. </br>Each word entry can include all fields from the Mukurtu Essentials tab except cultural protocols, sharing setting, language, and glossary, since those describe the dictionary word as a whole. </br>Word entries can be rearranged and collapsed for easier editing. To create additional word entries, select ""Add Word Entry"".",x,x,,x
core.entity_form_display.node.dictionary_word.default:third_party_settings:field_group:group_related_content:labelRelated Content,Related Content,x,x,,x
core.entity_form_display.node.dictionary_word.default:third_party_settings:field_group:group_additional_fields:labelAdditional Fields,Additional Fields,x,x,,x
core.entity_form_display.node.dictionary_word.default:third_party_settings:field_group:group_local_contexts:labelLocal Contexts,Local Contexts,x,x,,x
"core.entity_form_display.node.dictionary_word.default:third_party_settings:field_group:group_local_contexts:format_settings:description""The Local Contexts Traditional Knowledge (TK) and Biocultural (BC) Labels are tools for Indigenous communities and local organizations. Developed through sustained partnership and testing within Indigenous communities across multiple countries, the Labels allow communities to express local and specific conditions for sharing and engaging in future research and relationships in ways that are consistent with already existing community rules, governance, and protocols for using, sharing, and circulating knowledge and data."" For more information, visit <a href=""https://localcontexts.org"">localcontexts.org</a>. </br>You must first customize your TK and BC Labels using the Local Contexts Hub and import your Project(s) before you can apply Projects or Labels to dictionary words.","""The Local Contexts Traditional Knowledge (TK) and Biocultural (BC) Labels are tools for Indigenous communities and local organizations. Developed through sustained partnership and testing within Indigenous communities across multiple countries, the Labels allow communities to express local and specific conditions for sharing and engaging in future research and relationships in ways that are consistent with already existing community rules, governance, and protocols for using, sharing, and circulating knowledge and data."" For more information, visit <a href=""https://localcontexts.org"">localcontexts.org</a>. </br>You must first customize your TK and BC Labels using the Local Contexts Hub and import your Project(s) before you can apply Projects or Labels to dictionary words.",x,x,,x
core.entity_form_display.node.dictionary_word.default:third_party_settings:field_group:group_locations:labelLocations,Locations,x,x,,x
"core.entity_form_display.node.dictionary_word.default:third_party_settings:field_group:group_locations:format_settings:descriptionA set of location related fields that include mapping/geographic data for visually placing and displaying dictionary words, as well as descriptive and taxonomic fields.","A set of location related fields that include mapping/geographic data for visually placing and displaying dictionary words, as well as descriptive and taxonomic fields.",x,x,,x
core.entity_form_display.node.dictionary_word.default:content:field_additional_word_entries:settings:titleParagraph,Paragraph,x,,,x
core.entity_form_display.node.dictionary_word.default:content:field_additional_word_entries:settings:title_pluralParagraphs,Paragraphs,x,,,x
core.entity_form_display.node.dictionary_word.default:content:field_base_word_entry:settings:titleParagraph,Paragraph,x,,,x
core.entity_form_display.node.dictionary_word.default:content:field_base_word_entry:settings:title_pluralParagraphs,Paragraphs,x,,,x
core.entity_form_display.node.dictionary_word.default:content:field_sample_sentences:settings:titleParagraph,Paragraph,x,,,x
core.entity_form_display.node.dictionary_word.default:content:field_sample_sentences:settings:title_pluralParagraphs,Paragraphs,x,,,x
core.entity_form_display.node.dictionary_word.default:content:field_word_entry:settings:titleWord Entry,Word Entry,x,x,,x
core.entity_form_display.node.dictionary_word.default:content:field_word_entry:settings:title_pluralWord Entries,Word Entries,x,x,,x
core.entity_form_display.node.digital_heritage.default:third_party_settings:field_group:group_main_tab:labelMain Tab,Main Tab,x,x,,x
core.entity_form_display.node.digital_heritage.default:third_party_settings:field_group:group_mukurtu_essentials:labelMukurtu Essentials,Mukurtu Essentials,x,x,,x
core.entity_form_display.node.digital_heritage.default:third_party_settings:field_group:group_mukurtu_core:labelMukurtu Core,Mukurtu Core,x,x,,x
core.entity_form_display.node.digital_heritage.default:third_party_settings:field_group:group_rights_and_permissions:labelPermissions and Rights,Permissions and Rights,x,x,,x
core.entity_form_display.node.digital_heritage.default:third_party_settings:field_group:group_additional_fields:labelAdditional Fields,Additional Fields,x,x,,x
core.entity_form_display.node.digital_heritage.default:third_party_settings:field_group:group_related_content:labelRelated Content,Related Content,x,x,,x
core.entity_form_display.node.digital_heritage.default:third_party_settings:field_group:group_local_contexts:labelLocal Contexts,Local Contexts,x,x,,x
"core.entity_form_display.node.digital_heritage.default:third_party_settings:field_group:group_local_contexts:format_settings:description""The Local Contexts Traditional Knowledge (TK) and Biocultural (BC) Labels are tools for Indigenous communities and local organizations. Developed through sustained partnership and testing within Indigenous communities across multiple countries, the Labels allow communities to express local and specific conditions for sharing and engaging in future research and relationships in ways that are consistent with already existing community rules, governance, and protocols for using, sharing, and circulating knowledge and data."" For more information, visit <a href=""https://localcontexts.org"">localcontexts.org</a>. </br>You must first customize your TK and BC Labels using the Local Contexts Hub and import your Project(s) before you can apply Projects or Labels to digital heritage items.","""The Local Contexts Traditional Knowledge (TK) and Biocultural (BC) Labels are tools for Indigenous communities and local organizations. Developed through sustained partnership and testing within Indigenous communities across multiple countries, the Labels allow communities to express local and specific conditions for sharing and engaging in future research and relationships in ways that are consistent with already existing community rules, governance, and protocols for using, sharing, and circulating knowledge and data."" For more information, visit <a href=""https://localcontexts.org"">localcontexts.org</a>. </br>You must first customize your TK and BC Labels using the Local Contexts Hub and import your Project(s) before you can apply Projects or Labels to digital heritage items.",x,x,,x
core.entity_form_display.node.digital_heritage.default:third_party_settings:field_group:group_rights:labelRights,Rights,x,x,,x
core.entity_form_display.node.digital_heritage.default:third_party_settings:field_group:group_licensing_options:labelLicensing Options,Licensing Options,x,x,,x
core.entity_form_display.node.digital_heritage.default:third_party_settings:field_group:group_knowledge_keepers:labelCiting Indigenous Elders and Knowledge Keepers,Citing Indigenous Elders and Knowledge Keepers,x,x,,x
core.entity_form_display.node.digital_heritage.default:third_party_settings:field_group:group_locations:labelLocations,Locations,x,x,,x
"core.entity_form_display.node.digital_heritage.default:third_party_settings:field_group:group_locations:format_settings:descriptionA set of location related fields that include mapping/geographic data for visually placing and displaying digital heritage items, as well as descriptive and taxonomic fields.","A set of location related fields that include mapping/geographic data for visually placing and displaying digital heritage items, as well as descriptive and taxonomic fields.",x,x,,x
core.entity_form_display.node.digital_heritage.default:content:field_indigenous_knowledges:settings:titleParagraph,Paragraph,x,,,x
core.entity_form_display.node.digital_heritage.default:content:field_indigenous_knowledges:settings:title_pluralParagraphs,Paragraphs,x,,,x
core.entity_form_display.node.digital_heritage.default:content:field_knowledge_keepers:settings:titleParagraph,Paragraph,x,,,x
core.entity_form_display.node.digital_heritage.default:content:field_knowledge_keepers:settings:title_pluralParagraphs,Paragraphs,x,,,x
core.entity_form_display.node.person.default:third_party_settings:field_group:group_main_tab:labelMain Tab,Main Tab,x,x,,x
core.entity_form_display.node.person.default:third_party_settings:field_group:group_mukurtu_essentials:labelMukurtu Essentials,Mukurtu Essentials,x,x,,x
core.entity_form_display.node.person.default:third_party_settings:field_group:group_biography:labelBiography,Biography,x,x,,x
core.entity_form_display.node.person.default:third_party_settings:field_group:group_additional_fields:labelAdditional Fields,Additional Fields,x,x,,x
core.entity_form_display.node.person.default:third_party_settings:field_group:group_related_content:labelRelated Content,Related Content,x,x,,x
core.entity_form_display.node.person.default:third_party_settings:field_group:group_related_people:labelRelated People,Related People,x,x,,x
"core.entity_form_display.node.person.default:third_party_settings:field_group:group_related_people:format_settings:descriptionRelated people is used to reflect real-world relationships between people. Examples include family, professional, cultural, educational, or any other kind of interpersonal relationships. Note that these relationships are not automatically bi-directional, and must be added to both person records. </br>Related people can be rearranged and collapsed for easier editing. To add additional relations, select ""Add Related Person"".","Related people is used to reflect real-world relationships between people. Examples include family, professional, cultural, educational, or any other kind of interpersonal relationships. Note that these relationships are not automatically bi-directional, and must be added to both person records. </br>Related people can be rearranged and collapsed for easier editing. To add additional relations, select ""Add Related Person"".",x,x,,x
core.entity_form_display.node.person.default:third_party_settings:field_group:group_local_contexts:labelLocal Contexts,Local Contexts,x,x,,x
"core.entity_form_display.node.person.default:third_party_settings:field_group:group_local_contexts:format_settings:description""The Local Contexts Traditional Knowledge (TK) and Biocultural (BC) Labels are tools for Indigenous communities and local organizations. Developed through sustained partnership and testing within Indigenous communities across multiple countries, the Labels allow communities to express local and specific conditions for sharing and engaging in future research and relationships in ways that are consistent with already existing community rules, governance, and protocols for using, sharing, and circulating knowledge and data."" For more information, visit <a href=""https://localcontexts.org"">localcontexts.org</a>. </br>You must first customize your TK and BC Labels using the Local Contexts Hub and import your Project(s) before you can apply Projects or Labels to person records.","""The Local Contexts Traditional Knowledge (TK) and Biocultural (BC) Labels are tools for Indigenous communities and local organizations. Developed through sustained partnership and testing within Indigenous communities across multiple countries, the Labels allow communities to express local and specific conditions for sharing and engaging in future research and relationships in ways that are consistent with already existing community rules, governance, and protocols for using, sharing, and circulating knowledge and data."" For more information, visit <a href=""https://localcontexts.org"">localcontexts.org</a>. </br>You must first customize your TK and BC Labels using the Local Contexts Hub and import your Project(s) before you can apply Projects or Labels to person records.",x,x,,x
core.entity_form_display.node.person.default:third_party_settings:field_group:group_locations:labelLocations,Locations,x,x,,x
"core.entity_form_display.node.person.default:third_party_settings:field_group:group_locations:format_settings:descriptionA set of location related fields that include mapping/geographic data for visually placing and displaying person records, as well as descriptive and taxonomic fields.","A set of location related fields that include mapping/geographic data for visually placing and displaying person records, as well as descriptive and taxonomic fields.",x,x,,x
core.entity_form_display.node.person.default:content:field_related_people:settings:titleRelated People,Related People,x,x,,x
core.entity_form_display.node.person.default:content:field_related_people:settings:title_pluralRelated People,Related People,x,x,,x
core.entity_form_display.node.person.default:content:field_sections:settings:titleSection,Section,x,,,x
core.entity_form_display.node.person.default:content:field_sections:settings:title_pluralSections,Sections,x,,,x
core.entity_form_display.node.word_list.default:third_party_settings:field_group:group_main_tab:labelMain Tab,Main Tab,x,x,,x
core.entity_form_display.node.word_list.default:third_party_settings:field_group:group_mukurtu_essentials:labelMukurtu Essentials,Mukurtu Essentials,x,x,,x
core.entity_form_display.node.word_list.default:third_party_settings:field_group:group_related_content:labelRelated Content,Related Content,x,x,,x
core.entity_form_display.node.word_list.default:third_party_settings:field_group:group_additional_fields:labelAdditional Fields,Additional Fields,x,x,,x
core.entity_form_display.node.word_list.default:third_party_settings:field_group:group_local_contexts:labelLocal Contexts,Local Contexts,x,x,,x
"core.entity_form_display.node.word_list.default:third_party_settings:field_group:group_local_contexts:format_settings:description""The Local Contexts Traditional Knowledge (TK) and Biocultural (BC) Labels are tools for Indigenous communities and local organizations. Developed through sustained partnership and testing within Indigenous communities across multiple countries, the Labels allow communities to express local and specific conditions for sharing and engaging in future research and relationships in ways that are consistent with already existing community rules, governance, and protocols for using, sharing, and circulating knowledge and data."" For more information, visit <a href=""https://localcontexts.org"">localcontexts.org</a>. </br>You must first customize your TK and BC Labels using the Local Contexts Hub and import your Project(s) before you can apply Projects or Labels to collections. </br>Note that this does NOT apply Projects or Labels to words within the word list, that is done on a per-word basis.","""The Local Contexts Traditional Knowledge (TK) and Biocultural (BC) Labels are tools for Indigenous communities and local organizations. Developed through sustained partnership and testing within Indigenous communities across multiple countries, the Labels allow communities to express local and specific conditions for sharing and engaging in future research and relationships in ways that are consistent with already existing community rules, governance, and protocols for using, sharing, and circulating knowledge and data."" For more information, visit <a href=""https://localcontexts.org"">localcontexts.org</a>. </br>You must first customize your TK and BC Labels using the Local Contexts Hub and import your Project(s) before you can apply Projects or Labels to collections. </br>Note that this does NOT apply Projects or Labels to words within the word list, that is done on a per-word basis.",x,x,,x
core.entity_form_display.node.word_list.default:third_party_settings:field_group:group_locations:labelLocations,Locations,x,x,,x
"core.entity_form_display.node.word_list.default:third_party_settings:field_group:group_locations:format_settings:descriptionA set of location related fields that include mapping/geographic data for visually placing and displaying word lists, as well as descriptive and taxonomic fields.","A set of location related fields that include mapping/geographic data for visually placing and displaying word lists, as well as descriptive and taxonomic fields.",x,x,,x
core.entity_form_display.paragraph.dictionary_word_entry.default:content:field_sample_sentences:settings:titleSample Sentence,Sample Sentence,x,x,,x
core.entity_form_display.paragraph.dictionary_word_entry.default:content:field_sample_sentences:settings:title_pluralSample Sentences,Sample Sentences,x,x,,x
core.entity_form_display.personal_collection.personal_collection.default:third_party_settings:field_group:group_main_tab:labelMain Tab,Main Tab,x,x,,x
core.entity_form_display.personal_collection.personal_collection.default:third_party_settings:field_group:group_mukurtu_essentials:labelMukurtu Essentials,Mukurtu Essentials,x,x,,x
core.entity_form_display.personal_collection.personal_collection.default:third_party_settings:field_group:group_items:labelItems,Items,x,x,,x
core.entity_form_mode.media.media_library:labelMedia library,Media library,x,x,,x
core.entity_form_mode.user.register:labelRegister,Register,x,x,,x
core.entity_view_display.community.community.full:third_party_settings:field_group:group_community_content:labelCommunity Content,Community Content,x,x,,x
core.entity_view_display.community.community.full:third_party_settings:field_group:group_community_sidebar:labelCommunity Sidebar,Community Sidebar,x,x,,x
core.entity_view_display.config_pages.design_settings.default:content:field_palette_brand_primary:settings:formathex,hex,x,,,x
core.entity_view_display.config_pages.design_settings.default:content:field_palette_brand_primary_acc:settings:formathex,hex,x,,,x
core.entity_view_display.config_pages.design_settings.default:content:field_palette_brand_primary_dark:settings:formathex,hex,x,,,x
core.entity_view_display.config_pages.design_settings.default:content:field_palette_brand_secondary:settings:formathex,hex,x,,,x
core.entity_view_display.config_pages.design_settings.default:content:field_palette_brand_secondary_ac:settings:formathex,hex,x,,,x
core.entity_view_display.config_pages.design_settings.default:content:field_palette_brand_secondary_da:settings:formathex,hex,x,,,x
"core.entity_view_display.node.collection.full:content:field_coverage:settings:fitbounds_options{""padding"":[0,0]}","{""padding"":[0,0]}",x,,,x
"core.entity_view_display.node.collection.full:content:field_coverage:settings:reset_map:options{""position"":""topleft"",""title"":""Reset View""}","{""position"":""topleft"",""title"":""Reset View""}",x,,,x
"core.entity_view_display.node.collection.full:content:field_coverage:settings:map_scale:options{""position"":""bottomright"",""maxWidth"":100,""metric"":true,""imperial"":false,""updateWhenIdle"":false}","{""position"":""bottomright"",""maxWidth"":100,""metric"":true,""imperial"":false,""updateWhenIdle"":false}",x,,,x
"core.entity_view_display.node.collection.full:content:field_coverage:settings:locate:options{""position"":""topright"",""setView"":""untilPanOrZoom"",""returnToPrevBounds"":true,""keepCurrentZoomLevel"":true,""strings"":{""title"":""Locate my position""}}","{""position"":""topright"",""setView"":""untilPanOrZoom"",""returnToPrevBounds"":true,""keepCurrentZoomLevel"":true,""strings"":{""title"":""Locate my position""}}",x,,,x
"core.entity_view_display.node.collection.full:content:field_coverage:settings:leaflet_tooltip:options{""permanent"":false,""direction"":""center""}","{""permanent"":false,""direction"":""center""}",x,,,x
"core.entity_view_display.node.collection.full:content:field_coverage:settings:leaflet_popup:options{""maxWidth"":""300"",""minWidth"":""50"",""autoPan"":true}","{""maxWidth"":""300"",""minWidth"":""50"",""autoPan"":true}",x,,,x
"core.entity_view_display.node.collection.full:content:field_coverage:settings:leaflet_markercluster:options{""spiderfyOnMaxZoom"":true,""showCoverageOnHover"":true,""removeOutsideVisibleBounds"": false}","{""spiderfyOnMaxZoom"":true,""showCoverageOnHover"":true,""removeOutsideVisibleBounds"": false}",x,,,x
"core.entity_view_display.node.collection.full:content:field_coverage:settings:fullscreen:options{""position"":""topleft"",""pseudoFullscreen"":false}","{""position"":""topleft"",""pseudoFullscreen"":false}",x,,,x
"core.entity_view_display.node.collection.full:content:field_coverage:settings:path{""color"":""#3388ff"",""opacity"":""1.0"",""stroke"":true,""weight"":3,""fill"":""depends"",""fillColor"":""*"",""fillOpacity"":""0.2"",""radius"":""6""}","{""color"":""#3388ff"",""opacity"":""1.0"",""stroke"":true,""weight"":3,""fill"":""depends"",""fillColor"":""*"",""fillOpacity"":""0.2"",""radius"":""6""}",x,,,x
core.entity_view_display.node.dictionary_word.full:third_party_settings:field_group:group_metadata:labelMetadata,Metadata,x,,,x
core.entity_view_display.node.dictionary_word.full:third_party_settings:field_group:group_primary_fields:labelPrimary Fields,Primary Fields,x,,,x
core.entity_view_display.node.dictionary_word.full:third_party_settings:field_group:group_base_word_entry:labelBase Word Entry,Base Word Entry,x,x,,x
core.entity_view_display.node.dictionary_word.full:third_party_settings:field_group:group_additional_word_entries:labelAdditional Word Entries,Additional Word Entries,x,x,,x
core.entity_view_display.node.dictionary_word.full:third_party_settings:field_group:group_additional_fields:labelAdditional Information,Additional Information,x,x,,x
"core.entity_view_display.node.dictionary_word.full:content:field_coverage:settings:fitbounds_options{""padding"":[0,0]}","{""padding"":[0,0]}",x,,,x
"core.entity_view_display.node.dictionary_word.full:content:field_coverage:settings:reset_map:options{""position"":""topleft"",""title"":""Reset View""}","{""position"":""topleft"",""title"":""Reset View""}",x,,,x
"core.entity_view_display.node.dictionary_word.full:content:field_coverage:settings:map_scale:options{""position"":""bottomright"",""maxWidth"":100,""metric"":true,""imperial"":false,""updateWhenIdle"":false}","{""position"":""bottomright"",""maxWidth"":100,""metric"":true,""imperial"":false,""updateWhenIdle"":false}",x,,,x
"core.entity_view_display.node.dictionary_word.full:content:field_coverage:settings:locate:options{""position"":""topright"",""setView"":""untilPanOrZoom"",""returnToPrevBounds"":true,""keepCurrentZoomLevel"":true,""strings"":{""title"":""Locate my position""}}","{""position"":""topright"",""setView"":""untilPanOrZoom"",""returnToPrevBounds"":true,""keepCurrentZoomLevel"":true,""strings"":{""title"":""Locate my position""}}",x,,,x
"core.entity_view_display.node.dictionary_word.full:content:field_coverage:settings:leaflet_tooltip:options{""permanent"":false,""direction"":""center""}","{""permanent"":false,""direction"":""center""}",x,,,x
"core.entity_view_display.node.dictionary_word.full:content:field_coverage:settings:leaflet_popup:options{""maxWidth"":""300"",""minWidth"":""50"",""autoPan"":true}","{""maxWidth"":""300"",""minWidth"":""50"",""autoPan"":true}",x,,,x
"core.entity_view_display.node.dictionary_word.full:content:field_coverage:settings:leaflet_markercluster:options{""spiderfyOnMaxZoom"":true,""showCoverageOnHover"":true,""removeOutsideVisibleBounds"": false}","{""spiderfyOnMaxZoom"":true,""showCoverageOnHover"":true,""removeOutsideVisibleBounds"": false}",x,,,x
"core.entity_view_display.node.dictionary_word.full:content:field_coverage:settings:fullscreen:options{""position"":""topleft"",""pseudoFullscreen"":false}","{""position"":""topleft"",""pseudoFullscreen"":false}",x,,,x
"core.entity_view_display.node.dictionary_word.full:content:field_coverage:settings:path{""color"":""#3388ff"",""opacity"":""1.0"",""stroke"":true,""weight"":3,""fill"":""depends"",""fillColor"":""*"",""fillOpacity"":""0.2"",""radius"":""6""}","{""color"":""#3388ff"",""opacity"":""1.0"",""stroke"":true,""weight"":3,""fill"":""depends"",""fillColor"":""*"",""fillOpacity"":""0.2"",""radius"":""6""}",x,,,x
core.entity_view_display.node.digital_heritage.full:third_party_settings:field_group:group_metadata:labelMetadata,Metadata,x,,,x
core.entity_view_display.node.digital_heritage.full:third_party_settings:field_group:group_primary_fields:labelPrimary Fields,Primary Fields,x,,,x
core.entity_view_display.node.digital_heritage.full:third_party_settings:field_group:group_sidebar_mukurtu_fields:labelSidebar - Mukurtu fields,Sidebar - Mukurtu fields,x,,,x
core.entity_view_display.node.digital_heritage.full:third_party_settings:field_group:group_additional_metadata:labelAdditional Metadata,Additional Metadata,x,x,,x
core.entity_view_display.node.digital_heritage.full:third_party_settings:field_group:group_rights:labelRights,Rights,x,x,x,x
"core.entity_view_display.node.digital_heritage.full:content:field_coverage:settings:leaflet_markercluster:options{""spiderfyOnMaxZoom"":true,""showCoverageOnHover"":true,""removeOutsideVisibleBounds"":false}","{""spiderfyOnMaxZoom"":true,""showCoverageOnHover"":true,""removeOutsideVisibleBounds"":false}",x,,,x
"core.entity_view_display.node.digital_heritage.full:content:field_coverage:settings:fullscreen:options{""position"":""topleft"",""pseudoFullscreen"":false}","{""position"":""topleft"",""pseudoFullscreen"":false}",x,,,x
"core.entity_view_display.node.digital_heritage.full:content:field_coverage:settings:path{""color"":""#3388ff"",""opacity"":""1.0"",""stroke"":true,""weight"":3,""fill"":""depends"",""fillColor"":""*"",""fillOpacity"":""0.2"",""radius"":""6""}","{""color"":""#3388ff"",""opacity"":""1.0"",""stroke"":true,""weight"":3,""fill"":""depends"",""fillColor"":""*"",""fillOpacity"":""0.2"",""radius"":""6""}",x,,,x
core.entity_view_display.node.digital_heritage.taxonomy_record:third_party_settings:field_group:group_metadata:labelMetadata,Metadata,x,,,x
core.entity_view_display.node.digital_heritage.taxonomy_record:third_party_settings:field_group:group_primary_fields:labelPrimary Fields,Primary Fields,x,,,x
"core.entity_view_display.node.digital_heritage.taxonomy_record:content:field_coverage:settings:leaflet_markercluster:options{""spiderfyOnMaxZoom"":true,""showCoverageOnHover"":true,""removeOutsideVisibleBounds"": false}","{""spiderfyOnMaxZoom"":true,""showCoverageOnHover"":true,""removeOutsideVisibleBounds"": false}",x,,,x
"core.entity_view_display.node.digital_heritage.taxonomy_record:content:field_coverage:settings:fullscreen:options{""position"":""topleft"",""pseudoFullscreen"":false}","{""position"":""topleft"",""pseudoFullscreen"":false}",x,,,x
"core.entity_view_display.node.digital_heritage.taxonomy_record:content:field_coverage:settings:path{""color"":""#3388ff"",""opacity"":""1.0"",""stroke"":true,""weight"":3,""fill"":""depends"",""fillColor"":""*"",""fillOpacity"":""0.2"",""radius"":""6""}","{""color"":""#3388ff"",""opacity"":""1.0"",""stroke"":true,""weight"":3,""fill"":""depends"",""fillColor"":""*"",""fillOpacity"":""0.2"",""radius"":""6""}",x,,,x
core.entity_view_display.node.person.full:third_party_settings:field_group:group_primary_fields:labelPrimary Fields,Primary Fields,x,,,x
core.entity_view_display.node.person.full:third_party_settings:field_group:group_metadata:labelMetadata,Metadata,x,,,x
"core.entity_view_display.node.person.full:content:field_coverage:settings:fitbounds_options{""padding"":[0,0]}","{""padding"":[0,0]}",x,,,x
"core.entity_view_display.node.person.full:content:field_coverage:settings:reset_map:options{""position"":""topleft"",""title"":""Reset View""}","{""position"":""topleft"",""title"":""Reset View""}",x,,,x
"core.entity_view_display.node.person.full:content:field_coverage:settings:map_scale:options{""position"":""bottomright"",""maxWidth"":100,""metric"":true,""imperial"":false,""updateWhenIdle"":false}","{""position"":""bottomright"",""maxWidth"":100,""metric"":true,""imperial"":false,""updateWhenIdle"":false}",x,,,x
"core.entity_view_display.node.person.full:content:field_coverage:settings:locate:options{""position"":""topright"",""setView"":""untilPanOrZoom"",""returnToPrevBounds"":true,""keepCurrentZoomLevel"":true,""strings"":{""title"":""Locate my position""}}","{""position"":""topright"",""setView"":""untilPanOrZoom"",""returnToPrevBounds"":true,""keepCurrentZoomLevel"":true,""strings"":{""title"":""Locate my position""}}",x,,,x
"core.entity_view_display.node.person.full:content:field_coverage:settings:leaflet_tooltip:options{""permanent"":false,""direction"":""center""}","{""permanent"":false,""direction"":""center""}",x,,,x
"core.entity_view_display.node.person.full:content:field_coverage:settings:leaflet_popup:options{""maxWidth"":""300"",""minWidth"":""50"",""autoPan"":true}","{""maxWidth"":""300"",""minWidth"":""50"",""autoPan"":true}",x,,,x
"core.entity_view_display.node.person.full:content:field_coverage:settings:leaflet_markercluster:options{""spiderfyOnMaxZoom"":true,""showCoverageOnHover"":true,""removeOutsideVisibleBounds"": false}","{""spiderfyOnMaxZoom"":true,""showCoverageOnHover"":true,""removeOutsideVisibleBounds"": false}",x,,,x
"core.entity_view_display.node.person.full:content:field_coverage:settings:fullscreen:options{""position"":""topleft"",""pseudoFullscreen"":false}","{""position"":""topleft"",""pseudoFullscreen"":false}",x,,,x
"core.entity_view_display.node.person.full:content:field_coverage:settings:path{""color"":""#3388ff"",""opacity"":""1.0"",""stroke"":true,""weight"":3,""fill"":""depends"",""fillColor"":""*"",""fillOpacity"":""0.2"",""radius"":""6""}","{""color"":""#3388ff"",""opacity"":""1.0"",""stroke"":true,""weight"":3,""fill"":""depends"",""fillColor"":""*"",""fillOpacity"":""0.2"",""radius"":""6""}",x,,,x
"core.entity_view_display.node.word_list.full:content:field_coverage:settings:fitbounds_options{""padding"":[0,0]}","{""padding"":[0,0]}",x,,,x
"core.entity_view_display.node.word_list.full:content:field_coverage:settings:reset_map:options{""position"":""topleft"",""title"":""Reset View""}","{""position"":""topleft"",""title"":""Reset View""}",x,,,x
"core.entity_view_display.node.word_list.full:content:field_coverage:settings:map_scale:options{""position"":""bottomright"",""maxWidth"":100,""metric"":true,""imperial"":false,""updateWhenIdle"":false}","{""position"":""bottomright"",""maxWidth"":100,""metric"":true,""imperial"":false,""updateWhenIdle"":false}",x,,,x
"core.entity_view_display.node.word_list.full:content:field_coverage:settings:locate:options{""position"":""topright"",""setView"":""untilPanOrZoom"",""returnToPrevBounds"":true,""keepCurrentZoomLevel"":true,""strings"":{""title"":""Locate my position""}}","{""position"":""topright"",""setView"":""untilPanOrZoom"",""returnToPrevBounds"":true,""keepCurrentZoomLevel"":true,""strings"":{""title"":""Locate my position""}}",x,,,x
"core.entity_view_display.node.word_list.full:content:field_coverage:settings:leaflet_tooltip:options{""permanent"":false,""direction"":""center""}","{""permanent"":false,""direction"":""center""}",x,,,x
"core.entity_view_display.node.word_list.full:content:field_coverage:settings:leaflet_popup:options{""maxWidth"":""300"",""minWidth"":""50"",""autoPan"":true}","{""maxWidth"":""300"",""minWidth"":""50"",""autoPan"":true}",x,,,x
"core.entity_view_display.node.word_list.full:content:field_coverage:settings:leaflet_markercluster:options{""spiderfyOnMaxZoom"":true,""showCoverageOnHover"":true,""removeOutsideVisibleBounds"": false}","{""spiderfyOnMaxZoom"":true,""showCoverageOnHover"":true,""removeOutsideVisibleBounds"": false}",x,,,x
"core.entity_view_display.node.word_list.full:content:field_coverage:settings:fullscreen:options{""position"":""topleft"",""pseudoFullscreen"":false}","{""position"":""topleft"",""pseudoFullscreen"":false}",x,,,x
"core.entity_view_display.node.word_list.full:content:field_coverage:settings:path{""color"":""#3388ff"",""opacity"":""1.0"",""stroke"":true,""weight"":3,""fill"":""depends"",""fillColor"":""*"",""fillOpacity"":""0.2"",""radius"":""6""}","{""color"":""#3388ff"",""opacity"":""1.0"",""stroke"":true,""weight"":3,""fill"":""depends"",""fillColor"":""*"",""fillOpacity"":""0.2"",""radius"":""6""}",x,,,x
core.entity_view_display.protocol.protocol.default:third_party_settings:field_group:group_protocol_content:labelProtocol Content,Protocol Content,x,x,,x
core.entity_view_display.protocol.protocol.default:third_party_settings:field_group:group_protocol_sidebar:labelProtocol Sidebar,Protocol Sidebar,x,,,x
core.entity_view_mode.block.token:labelToken,Token,,,,
core.entity_view_mode.block_content.full:labelFull,Full,,,,
core.entity_view_mode.block_content.token:labelToken,Token,,,,
core.entity_view_mode.comment.full:labelFull comment,Full comment,x,x,,
core.entity_view_mode.comment.token:labelToken,Token,,,,
core.entity_view_mode.community.browse:labelBrowse,Browse,x,x,x,
core.entity_view_mode.community.full:labelFull,Full,,,,
core.entity_view_mode.config_pages.full:labelFull,Full,,,,
core.entity_view_mode.contact_message.token:labelToken,Token,,,,
core.entity_view_mode.content_moderation_state.token:labelToken,Token,,,,
core.entity_view_mode.file.token:labelToken,Token,,,,
core.entity_view_mode.flagging.token:labelToken,Token,,,,
core.entity_view_mode.media.audio_for_dictionary_teaser:labelAudio Player with Contributor,Audio Player with Contributor,x,x,,
core.entity_view_mode.media.browse:labelBrowse,Browse,x,x,,
core.entity_view_mode.media.carousel_thumbnail:labelCarousel Thumbnail,Carousel Thumbnail,x,,,
core.entity_view_mode.media.collections_3_2_:labelCollections (3:2),Collections (3:2),x,,,
core.entity_view_mode.media.digital_heritage_full:labelLarge (900 px),Large (900 px),x,,,
core.entity_view_mode.media.digital_heritage_sidebar:labelMedium (480px),Medium (480px),x,,,
core.entity_view_mode.media.full:labelFull content,Full content,x,,,
core.entity_view_mode.media.media_assets:labelMedia Assets,Media Assets,x,x,,
core.entity_view_mode.media.media_library:labelMedia library,Media library,x,x,,
core.entity_view_mode.media.small_250px_:labelSmall (250px),Small (250px),x,,,
core.entity_view_mode.media.token:labelToken,Token,,,,
core.entity_view_mode.menu_link_content.token:labelToken,Token,,,,
core.entity_view_mode.message.full:labelFull content,Full content,x,,,
core.entity_view_mode.message.mail_body:labelNotify - Email body,Notify - Email body,x,x,,
core.entity_view_mode.message.mail_subject:labelNotify - Email subject,Notify - Email subject,x,x,,
core.entity_view_mode.message.token:labelToken,Token,,,,
core.entity_view_mode.message_template.token:labelToken,Token,,,,
core.entity_view_mode.node.browse:labelList Browse,List Browse,x,x,x,
core.entity_view_mode.node.browse_collections:labelBrowse Collections,Browse Collections,x,x,x,
core.entity_view_mode.node.featured:labelFeatured,Featured,x,x,x,
core.entity_view_mode.node.featured:descriptionContent cards for using as featured items,Content cards for using as featured items,x,,,
core.entity_view_mode.node.full:labelFull content,Full content,x,,,
core.entity_view_mode.node.grid_browse:labelGrid Browse,Grid Browse,x,x,x,
core.entity_view_mode.node.map_browse:labelMap Browse,Map Browse,x,x,x,
core.entity_view_mode.node.multipage_browse:labelMultipage Browse,Multipage Browse,x,x,x,
core.entity_view_mode.node.rss:labelRSS,RSS,,,,
core.entity_view_mode.node.search_index:labelSearch index,Search index,x,,,
core.entity_view_mode.node.search_preview:labelSearch preview,Search preview,x,,,
core.entity_view_mode.node.search_result:labelSearch result highlighting input,Search result highlighting input,x,,,
core.entity_view_mode.node.taxonomy_record:labelTaxonomy Record,Taxonomy Record,x,x,,
core.entity_view_mode.node.teaser:labelTeaser,Teaser,x,x,,
core.entity_view_mode.node.token:labelToken,Token,,,,
core.entity_view_mode.paragraph.preview:labelPreview,Preview,x,x,,
core.entity_view_mode.paragraph.teaser:labelTeaser - Recording,Teaser - Recording,x,x,,
core.entity_view_mode.paragraph.teaser_translation:labelTeaser - Translation,Teaser - Translation,x,x,,
core.entity_view_mode.paragraph.token:labelToken,Token,,,,
core.entity_view_mode.path_alias.token:labelToken,Token,,,,
core.entity_view_mode.personal_collection.full:labelFull content,Full content,x,,,
core.entity_view_mode.personal_collection.teaser:labelTeaser,Teaser,x,,,
core.entity_view_mode.search_api_task.token:labelToken,Token,,,,
core.entity_view_mode.shortcut.token:labelToken,Token,,,,
core.entity_view_mode.taxonomy_term.full:labelTaxonomy term page,Taxonomy term page,x,x,,
core.entity_view_mode.taxonomy_term.teaser:labelTeaser,Teaser,,,,
core.entity_view_mode.taxonomy_term.token:labelToken,Token,,,,
core.entity_view_mode.user.compact:labelCompact,Compact,x,,,
core.entity_view_mode.user.full:labelUser account,User account,x,x,x,
core.entity_view_mode.user.token:labelToken,Token,,,,
dashboards.dashboard.mukurtu_dashboard:sections:0:layout_settings:labelmain content,main content,x,x,,x
dashboards.dashboard.mukurtu_dashboard:sections:0:components:0d6f9095-ddc7-4e04-b102-a47eab86f9dc:configuration:label_displayvisible,visible,,,,
dashboards.dashboard.mukurtu_dashboard:sections:0:components:24d3fdd1-9a07-42ea-b88d-04d22f8cf684:configuration:label_displayvisible,visible,,,,
dashboards.dashboard.mukurtu_dashboard:sections:0:components:48e2a2ac-3168-4726-acac-eb63ac5f59a3:configuration:labelYour Drafts,Your Drafts,x,x,x,x
dashboards.dashboard.mukurtu_dashboard:sections:0:components:48e2a2ac-3168-4726-acac-eb63ac5f59a3:configuration:label_displayvisible,visible,,,,
dashboards.dashboard.mukurtu_dashboard:sections:0:components:48e2a2ac-3168-4726-acac-eb63ac5f59a3:configuration:views_labelYour Drafts,Your Drafts,x,x,x,x
dashboards.dashboard.mukurtu_dashboard:sections:0:components:177c8838-ecba-43f7-9acb-813187ae16f3:configuration:labelMy content,My content,x,x,x,x
dashboards.dashboard.mukurtu_dashboard:sections:0:components:177c8838-ecba-43f7-9acb-813187ae16f3:configuration:label_displayvisible,visible,,,,
dashboards.dashboard.mukurtu_dashboard:sections:0:components:7750a799-df47-49a4-883f-e4b0f8342104:configuration:labelMigration,Migration,x,,,x
dashboards.dashboard.mukurtu_dashboard:sections:0:components:7750a799-df47-49a4-883f-e4b0f8342104:configuration:label_displayvisible,visible,,,,
dashboards.dashboard.mukurtu_dashboard:sections:0:components:7ea8f4fe-f816-4b62-80ed-597ea6d8d39a:configuration:labelSite information,Site information,x,x,,x
dashboards.dashboard.mukurtu_dashboard:sections:0:components:7ea8f4fe-f816-4b62-80ed-597ea6d8d39a:configuration:label_displayvisible,visible,,,,
dashboards.dashboard.mukurtu_dashboard:sections:0:components:4baf6b8d-6deb-4742-aac9-5a4ca97be575:configuration:labelUsers,Users,x,x,,x
dashboards.dashboard.mukurtu_dashboard:sections:0:components:4baf6b8d-6deb-4742-aac9-5a4ca97be575:configuration:label_displayvisible,visible,,,,
dashboards.dashboard.mukurtu_dashboard:sections:0:components:8e52ecf9-f13d-4974-b4e5-9ecff8af170a:configuration:labelContent,Content,x,x,,x
dashboards.dashboard.mukurtu_dashboard:sections:0:components:8e52ecf9-f13d-4974-b4e5-9ecff8af170a:configuration:label_displayvisible,visible,,,,
dashboards.dashboard.mukurtu_dashboard:sections:0:components:9c53fff8-81e9-481e-b21c-2000b83a178e:configuration:labelMedia,Media,x,x,,x
dashboards.dashboard.mukurtu_dashboard:sections:0:components:9c53fff8-81e9-481e-b21c-2000b83a178e:configuration:label_displayvisible,visible,,,,
dashboards.dashboard.mukurtu_dashboard:sections:0:components:bb1a29d8-00e8-4229-b1b0-20d69ca33db7:configuration:labelContent settings,Content settings,x,,,x
dashboards.dashboard.mukurtu_dashboard:sections:0:components:bb1a29d8-00e8-4229-b1b0-20d69ca33db7:configuration:label_displayvisible,visible,,,,
dashboards.dashboard.mukurtu_dashboard:sections:0:components:0339943d-08c4-45a9-9f08-052ad308db5e:configuration:labelSite settings,Site settings,x,,,x
dashboards.dashboard.mukurtu_dashboard:sections:0:components:0339943d-08c4-45a9-9f08-052ad308db5e:configuration:label_displayvisible,visible,,,,
dashboards.dashboard.mukurtu_dashboard:sections:0:components:6952fdbe-035a-4ccc-af26-e0dcd691187e:configuration:labelRoundtrip,Roundtrip,x,x,,x
dashboards.dashboard.mukurtu_dashboard:sections:0:components:6952fdbe-035a-4ccc-af26-e0dcd691187e:configuration:label_displayvisible,visible,,,,
dashboards.dashboard.mukurtu_dashboard:sections:0:components:a663f15a-8760-424c-9433-c3f97fa8b623:configuration:labelMultilingual,Multilingual,x,,,x
dashboards.dashboard.mukurtu_dashboard:sections:0:components:a663f15a-8760-424c-9433-c3f97fa8b623:configuration:label_displayvisible,visible,,,,
dashboards.dashboard.mukurtu_dashboard:sections:0:components:02ce0aa5-8aec-43f3-b2e0-62d5dbf8efce:configuration:labelLook and feel,Look and feel,x,x,,x
dashboards.dashboard.mukurtu_dashboard:sections:0:components:02ce0aa5-8aec-43f3-b2e0-62d5dbf8efce:configuration:label_displayvisible,visible,,,,
dashboards.dashboard.mukurtu_dashboard:sections:0:components:58ca9634-095d-4720-9aed-76c640314ac4:configuration:labelTaxonomies,Taxonomies,x,x,,x
dashboards.dashboard.mukurtu_dashboard:sections:0:components:58ca9634-095d-4720-9aed-76c640314ac4:configuration:label_displayvisible,visible,,,,
"dashboards.dashboard.mukurtu_dashboard:sections:0:components:50f4bbbe-2fa6-4b11-b0c5-221705fb726c:configuration:labelCommunities, cultural protocols, categories","Communities, cultural protocols, categories",x,x,,x
dashboards.dashboard.mukurtu_dashboard:sections:0:components:50f4bbbe-2fa6-4b11-b0c5-221705fb726c:configuration:label_displayvisible,visible,,,,
editor.editor.full_html:settings:plugins:ckeditor5_codeBlock:languages:0:labelPlain text,Plain text,,,,
editor.editor.full_html:settings:plugins:ckeditor5_codeBlock:languages:1:labelC,C,,,,
editor.editor.full_html:settings:plugins:ckeditor5_codeBlock:languages:2:labelC#,C#,,,,
editor.editor.full_html:settings:plugins:ckeditor5_codeBlock:languages:3:labelC++,C++,,,,
editor.editor.full_html:settings:plugins:ckeditor5_codeBlock:languages:4:labelCSS,CSS,,,,
editor.editor.full_html:settings:plugins:ckeditor5_codeBlock:languages:5:labelDiff,Diff,,,,
editor.editor.full_html:settings:plugins:ckeditor5_codeBlock:languages:6:labelHTML,HTML,,,,
editor.editor.full_html:settings:plugins:ckeditor5_codeBlock:languages:7:labelJava,Java,,,,
editor.editor.full_html:settings:plugins:ckeditor5_codeBlock:languages:8:labelJavaScript,JavaScript,,,,
editor.editor.full_html:settings:plugins:ckeditor5_codeBlock:languages:9:labelPHP,PHP,,,,
editor.editor.full_html:settings:plugins:ckeditor5_codeBlock:languages:10:labelPython,Python,,,,
editor.editor.full_html:settings:plugins:ckeditor5_codeBlock:languages:11:labelRuby,Ruby,,,,
editor.editor.full_html:settings:plugins:ckeditor5_codeBlock:languages:12:labelTypeScript,TypeScript,,,,
editor.editor.full_html:settings:plugins:ckeditor5_codeBlock:languages:13:labelXML,XML,,,,
embed.button.node:labelNode,Node,,,,
entity_browser.browser.mukurtu_community_and_protocol_user_browser:labelUser Selection,User Selection,x,x,,x
entity_browser.browser.mukurtu_community_and_protocol_user_browser:display_configuration:link_textSelect Members,Select Members,x,x,,x
entity_browser.browser.mukurtu_community_and_protocol_user_browser:selection_display_configuration:select_textFinished,Finished,x,x,,x
entity_browser.browser.mukurtu_community_and_protocol_user_browser:widgets:f503726d-709b-460d-9f7d-da39de306aa6:settings:submit_textAdd Users,Add Users,x,x,,x
entity_browser.browser.mukurtu_community_and_protocol_user_browser:widgets:f503726d-709b-460d-9f7d-da39de306aa6:labelSelect Users,Select Users,x,x,,x
entity_browser.browser.mukurtu_community_select:labelMukurtu Community Select,Mukurtu Community Select,x,x,,x
entity_browser.browser.mukurtu_community_select:display_configuration:link_textSelect communities,Select communities,x,x,,x
entity_browser.browser.mukurtu_community_select:widgets:71fef0fa-ad44-4fb7-a26a-b78186f51f5b:settings:submit_textAdd communities,Add communities,x,x,,x
entity_browser.browser.mukurtu_community_select:widgets:71fef0fa-ad44-4fb7-a26a-b78186f51f5b:labelSelect Communities,Select Communities,x,x,,x
entity_browser.browser.mukurtu_content_browser:labelSelect Related Content,Select Related Content,x,x,,x
entity_browser.browser.mukurtu_content_browser:display_configuration:link_textSelect Content,Select Content,x,x,,x
entity_browser.browser.mukurtu_content_browser:widgets:78cb1c23-9032-4e2f-a76b-e759c06e830d:settings:submit_textAdd Content,Add Content,x,x,,x
entity_browser.browser.mukurtu_content_browser:widgets:78cb1c23-9032-4e2f-a76b-e759c06e830d:labelSelect Content,Select Content,x,x,,x
entity_browser.browser.mukurtu_taxonomy_record_term_browser:labelSelect Taxonomy Record Terms,Select Taxonomy Record Terms,x,x,,x
entity_browser.browser.mukurtu_taxonomy_record_term_browser:display_configuration:link_textSelect Terms,Select Terms,x,x,,x
entity_browser.browser.mukurtu_taxonomy_record_term_browser:selection_display_configuration:select_textFinished,Finished,x,x,,x
entity_browser.browser.mukurtu_taxonomy_record_term_browser:widgets:7154fb62-3e71-4769-9121-b328e601b8f4:settings:submit_textAdd Terms,Add Terms,x,x,,x
entity_browser.browser.mukurtu_taxonomy_record_term_browser:widgets:7154fb62-3e71-4769-9121-b328e601b8f4:labelSelect Taxonomy Terms,Select Taxonomy Terms,x,x,,x
entity_browser.browser.multipage_item_entity_browser:labelMultipage Item Entity Browser,Multipage Item Entity Browser,x,x,,x
entity_browser.browser.multipage_item_entity_browser:display_configuration:link_textSelect entities,Select entities,x,x,,x
entity_browser.browser.multipage_item_entity_browser:widgets:a8a43640-4429-40f1-90f8-9b54163d37c0:settings:submit_textSelect entities,Select entities,x,x,,x
entity_browser.browser.multipage_item_entity_browser:widgets:a8a43640-4429-40f1-90f8-9b54163d37c0:labelview,view,,,,
extlink.settings:extlink_alert_textThis link will take you to an external web site. We are not responsible for their content.,This link will take you to an external web site. We are not responsible for their content.,x,x,x,
extlink.settings:extlink_label(link is external),(link is external),x,,,
extlink.settings:extlink_mailto_label(link sends email),(link sends email),x,,,
extlink.settings:extlink_tel_label(link is a phone number),(link is a phone number),x,,,
facets.facet.browse_by_map_category:nameCategory,Category,x,x,x,x
facets.facet.browse_by_map_category:url_aliasbrowse_by_map_category,browse_by_map_category,,,,
facets.facet.browse_by_map_category:missing_labelothers,others,x,,,x
facets.facet.browse_by_map_category:widget:config:reset_textShow all,Show all,x,x,,x
facets.facet.browse_by_map_category:widget:config:soft_limit_settings:show_less_labelShow less,Show less,x,x,,x
facets.facet.browse_by_map_category:widget:config:soft_limit_settings:show_more_labelShow more,Show more,x,x,,x
facets.facet.browse_by_map_communities:nameCommunities,Communities,x,x,x,x
facets.facet.browse_by_map_communities:url_aliasbrowse_by_map_communities,browse_by_map_communities,,,,
facets.facet.browse_by_map_communities:missing_labelothers,others,x,,,x
facets.facet.browse_by_map_communities:widget:config:reset_textShow all,Show all,x,x,,x
facets.facet.browse_by_map_communities:widget:config:soft_limit_settings:show_less_labelShow less,Show less,x,x,,x
facets.facet.browse_by_map_communities:widget:config:soft_limit_settings:show_more_labelShow more,Show more,x,x,,x
facets.facet.browse_by_map_content_type:nameContent type,Content type,x,x,x,x
facets.facet.browse_by_map_content_type:url_aliasbrowse_by_map_content_type,browse_by_map_content_type,,,,
facets.facet.browse_by_map_content_type:missing_labelothers,others,x,,,x
facets.facet.browse_by_map_content_type:widget:config:reset_textShow all,Show all,x,x,,x
facets.facet.browse_by_map_content_type:widget:config:soft_limit_settings:show_less_labelShow less,Show less,x,x,,x
facets.facet.browse_by_map_content_type:widget:config:soft_limit_settings:show_more_labelShow more,Show more,x,x,,x
facets.facet.browse_by_map_keywords:nameKeywords,Keywords,x,x,x,x
facets.facet.browse_by_map_keywords:url_aliasbrowse_by_map_keywords,browse_by_map_keywords,,,,
facets.facet.browse_by_map_keywords:missing_labelothers,others,x,,,x
facets.facet.browse_by_map_keywords:widget:config:reset_textShow all,Show all,x,x,,x
facets.facet.browse_by_map_keywords:widget:config:soft_limit_settings:show_less_labelShow less,Show less,x,x,,x
facets.facet.browse_by_map_keywords:widget:config:soft_limit_settings:show_more_labelShow more,Show more,x,x,,x
facets.facet.category:nameCategory,Category,x,x,x,x
facets.facet.category:url_aliascategory,category,,,,
facets.facet.category:missing_labelothers,others,x,,,x
facets.facet.category:widget:config:reset_textShow all,Show all,x,x,,x
facets.facet.category:widget:config:soft_limit_settings:show_less_labelShow less,Show less,x,x,,x
facets.facet.category:widget:config:soft_limit_settings:show_more_labelShow more,Show more,x,x,,x
facets.facet.category_grid_0:nameCategory Grid,Category Grid,x,x,x,x
facets.facet.category_grid_0:url_aliascategory,category,,,,
facets.facet.category_grid_0:missing_labelothers,others,x,,,x
facets.facet.category_grid_0:widget:config:reset_textShow all,Show all,x,x,,x
facets.facet.category_grid_0:widget:config:soft_limit_settings:show_less_labelShow less,Show less,x,x,,x
facets.facet.category_grid_0:widget:config:soft_limit_settings:show_more_labelShow more,Show more,x,x,,x
facets.facet.category_map_0:nameCategory Map,Category Map,x,x,x,x
facets.facet.category_map_0:url_aliascategory,category,,,,
facets.facet.category_map_0:missing_labelothers,others,x,,,x
facets.facet.category_map_0:widget:config:reset_textShow all,Show all,x,x,,x
facets.facet.category_map_0:widget:config:soft_limit_settings:show_less_labelShow less,Show less,x,x,,x
facets.facet.category_map_0:widget:config:soft_limit_settings:show_more_labelShow more,Show more,x,x,,x
facets.facet.community:nameCommunity,Community,x,x,x,x
facets.facet.community:url_aliascommunity,community,,,,
facets.facet.community:missing_labelothers,others,x,,,x
facets.facet.community:widget:config:default_option_labelCommunity,Community,x,x,x,x
facets.facet.community_content_title:nameCommunity,Community,x,x,x,x
facets.facet.community_content_title:url_aliascommunity_content_title,community_content_title,,,,
facets.facet.community_content_title:missing_labelothers,others,x,,,x
facets.facet.community_content_title:widget:config:soft_limit_settings:show_less_labelShow less,Show less,x,x,,x
facets.facet.community_content_title:widget:config:soft_limit_settings:show_more_labelShow more,Show more,x,x,,x
facets.facet.community_content_title:widget:config:reset_textShow all,Show all,x,x,,x
facets.facet.community_grid_0:nameCommunity Grid,Community Grid,x,x,x,x
facets.facet.community_grid_0:url_aliascommunity_content_title,community_content_title,,,,
facets.facet.community_grid_0:missing_labelothers,others,x,,,x
facets.facet.community_grid_0:widget:config:reset_textShow all,Show all,x,x,,x
facets.facet.community_grid_0:widget:config:soft_limit_settings:show_less_labelShow less,Show less,x,x,,x
facets.facet.community_grid_0:widget:config:soft_limit_settings:show_more_labelShow more,Show more,x,x,,x
facets.facet.community_map_0:nameCommunity Map,Community Map,x,x,x,x
facets.facet.community_map_0:url_aliascommunity_content_title,community_content_title,,,,
facets.facet.community_map_0:missing_labelothers,others,x,,,x
facets.facet.community_map_0:widget:config:reset_textShow all,Show all,x,x,,x
facets.facet.community_map_0:widget:config:soft_limit_settings:show_less_labelShow less,Show less,x,x,,x
facets.facet.community_map_0:widget:config:soft_limit_settings:show_more_labelShow more,Show more,x,x,,x
facets.facet.content_type:nameContent type,Content type,x,x,x,x
facets.facet.content_type:url_aliascontent_type,content_type,,,,
facets.facet.content_type:missing_labelothers,others,x,,,x
facets.facet.content_type:widget:config:default_option_labelContent Type,Content Type,x,x,x,x
facets.facet.content_type_browse:nameContent type,Content type,x,x,x,x
facets.facet.content_type_browse:url_aliascontent-type,content-type,,,,
facets.facet.content_type_browse:missing_labelothers,others,x,,,x
facets.facet.content_type_browse:widget:config:soft_limit_settings:show_less_labelShow less,Show less,x,x,,x
facets.facet.content_type_browse:widget:config:soft_limit_settings:show_more_labelShow more,Show more,x,x,,x
facets.facet.content_type_browse:widget:config:reset_textShow all,Show all,x,x,,x
facets.facet.content_type_grid:nameContent type Grid,Content type Grid,x,x,x,x
facets.facet.content_type_grid:url_aliascontent-type,content-type,,,,
facets.facet.content_type_grid:missing_labelothers,others,x,,,x
facets.facet.content_type_grid:widget:config:reset_textShow all,Show all,x,x,,x
facets.facet.content_type_grid:widget:config:soft_limit_settings:show_less_labelShow less,Show less,x,x,,x
facets.facet.content_type_grid:widget:config:soft_limit_settings:show_more_labelShow more,Show more,x,x,,x
facets.facet.content_type_map:nameContent type Map,Content type Map,x,x,x,x
facets.facet.content_type_map:url_aliascontent-type,content-type,,,,
facets.facet.content_type_map:missing_labelothers,others,x,,,x
facets.facet.content_type_map:widget:config:reset_textShow all,Show all,x,x,,x
facets.facet.content_type_map:widget:config:soft_limit_settings:show_less_labelShow less,Show less,x,x,,x
facets.facet.content_type_map:widget:config:soft_limit_settings:show_more_labelShow more,Show more,x,x,,x
facets.facet.cultural_protocols:nameCultural Protocols,Cultural Protocols,x,x,x,x
facets.facet.cultural_protocols:url_aliascultural_protocols,cultural_protocols,,,,
facets.facet.cultural_protocols:missing_labelothers,others,x,,,x
facets.facet.cultural_protocols:widget:config:default_option_labelCultural Protocols,Cultural Protocols,x,x,x,x
facets.facet.cultural_protocols_browse:nameCultural Protocols,Cultural Protocols,x,x,x,x
facets.facet.cultural_protocols_browse:url_aliascultural_protocols_browse,cultural_protocols_browse,,,,
facets.facet.cultural_protocols_browse:missing_labelothers,others,x,,,x
facets.facet.cultural_protocols_browse:widget:config:reset_textShow all,Show all,x,x,,x
facets.facet.cultural_protocols_browse:widget:config:soft_limit_settings:show_less_labelShow less,Show less,x,x,,x
facets.facet.cultural_protocols_browse:widget:config:soft_limit_settings:show_more_labelShow more,Show more,x,x,,x
facets.facet.cultural_protocols_dh_browse:nameCultural Protocols,Cultural Protocols,x,x,x,x
facets.facet.cultural_protocols_dh_browse:url_aliascultural_protocols_dh_browse,cultural_protocols_dh_browse,,,,
facets.facet.cultural_protocols_dh_browse:missing_labelothers,others,x,,,x
facets.facet.cultural_protocols_dh_browse:widget:config:reset_textShow all,Show all,x,x,,x
facets.facet.cultural_protocols_dh_browse:widget:config:soft_limit_settings:show_less_labelShow less,Show less,x,x,,x
facets.facet.cultural_protocols_dh_browse:widget:config:soft_limit_settings:show_more_labelShow more,Show more,x,x,,x
facets.facet.digital_heritage_browse_by_map_category:nameCategory,Category,x,x,x,x
facets.facet.digital_heritage_browse_by_map_category:url_aliasbrowse_by_map_category,browse_by_map_category,,,,
facets.facet.digital_heritage_browse_by_map_category:missing_labelothers,others,x,,,x
facets.facet.digital_heritage_browse_by_map_category:widget:config:reset_textShow all,Show all,x,x,,x
facets.facet.digital_heritage_browse_by_map_category:widget:config:soft_limit_settings:show_less_labelShow less,Show less,x,x,,x
facets.facet.digital_heritage_browse_by_map_category:widget:config:soft_limit_settings:show_more_labelShow more,Show more,x,x,,x
facets.facet.digital_heritage_browse_by_map_communities:nameCommunities,Communities,x,x,x,x
facets.facet.digital_heritage_browse_by_map_communities:url_aliasbrowse_by_map_communities,browse_by_map_communities,,,,
facets.facet.digital_heritage_browse_by_map_communities:missing_labelothers,others,x,,,x
facets.facet.digital_heritage_browse_by_map_communities:widget:config:reset_textShow all,Show all,x,x,,x
facets.facet.digital_heritage_browse_by_map_communities:widget:config:soft_limit_settings:show_less_labelShow less,Show less,x,x,,x
facets.facet.digital_heritage_browse_by_map_communities:widget:config:soft_limit_settings:show_more_labelShow more,Show more,x,x,,x
facets.facet.digital_heritage_browse_by_map_keywords:nameKeywords,Keywords,x,x,x,x
facets.facet.digital_heritage_browse_by_map_keywords:url_aliasbrowse_by_map_keywords,browse_by_map_keywords,,,,
facets.facet.digital_heritage_browse_by_map_keywords:missing_labelothers,others,x,,,x
facets.facet.digital_heritage_browse_by_map_keywords:widget:config:reset_textShow all,Show all,x,x,,x
facets.facet.digital_heritage_browse_by_map_keywords:widget:config:soft_limit_settings:show_less_labelShow less,Show less,x,x,,x
facets.facet.digital_heritage_browse_by_map_keywords:widget:config:soft_limit_settings:show_more_labelShow more,Show more,x,x,,x
facets.facet.digital_heritage_browse_category:nameCategory,Category,x,x,x,x
facets.facet.digital_heritage_browse_category:url_aliascategory,category,,x,,
facets.facet.digital_heritage_browse_category:missing_labelothers,others,x,,,x
facets.facet.digital_heritage_browse_category:widget:config:reset_textShow all,Show all,x,x,,x
facets.facet.digital_heritage_browse_category:widget:config:soft_limit_settings:show_less_labelShow less,Show less,x,x,,x
facets.facet.digital_heritage_browse_category:widget:config:soft_limit_settings:show_more_labelShow more,Show more,x,x,,x
facets.facet.digital_heritage_browse_community:nameCommunity,Community,x,x,x,x
facets.facet.digital_heritage_browse_community:url_aliascommunity_content_title,community_content_title,,,,
facets.facet.digital_heritage_browse_community:missing_labelothers,others,x,,,x
facets.facet.digital_heritage_browse_community:widget:config:reset_textShow all,Show all,x,x,,x
facets.facet.digital_heritage_browse_community:widget:config:soft_limit_settings:show_less_labelShow less,Show less,x,x,,x
facets.facet.digital_heritage_browse_community:widget:config:soft_limit_settings:show_more_labelShow more,Show more,x,x,,x
facets.facet.digital_heritage_browse_keywords:nameKeywords,Keywords,x,x,x,x
facets.facet.digital_heritage_browse_keywords:url_aliaskeywords_taxonomy_term_name,keywords_taxonomy_term_name,,,,
facets.facet.digital_heritage_browse_keywords:missing_labelothers,others,x,,,x
facets.facet.digital_heritage_browse_keywords:widget:config:reset_textShow all,Show all,x,x,,x
facets.facet.digital_heritage_browse_keywords:widget:config:soft_limit_settings:show_less_labelShow less,Show less,x,x,,x
facets.facet.digital_heritage_browse_keywords:widget:config:soft_limit_settings:show_more_labelShow more,Show more,x,x,,x
facets.facet.digital_heritage_browse_media_type:nameMedia type,Media type,x,x,,x
facets.facet.digital_heritage_browse_media_type:url_aliasmedia_assets_media_media_type,media_assets_media_media_type,,,,
facets.facet.digital_heritage_browse_media_type:missing_labelothers,others,x,,,x
facets.facet.digital_heritage_browse_media_type:widget:config:reset_textShow all,Show all,x,x,,x
facets.facet.digital_heritage_browse_media_type:widget:config:soft_limit_settings:show_less_labelShow less,Show less,x,x,,x
facets.facet.digital_heritage_browse_media_type:widget:config:soft_limit_settings:show_more_labelShow more,Show more,x,x,,x
"facets.facet.digital_heritage_browse_media_type:processor_configs:replace:settings:replacementsexternal_embed|external embed
remote_video|remote video","external_embed|external embed
remote_video|remote video",x,x,,x
facets.facet.glossary_entry:nameGlossary Entry,Glossary Entry,x,x,x,x
facets.facet.glossary_entry:url_aliasglossary_entry,glossary_entry,,,,
facets.facet.glossary_entry:missing_labelothers,others,x,,,x
facets.facet.glossary_entry:widget:config:reset_textShow all,Show all,x,x,,x
facets.facet.glossary_entry:widget:config:soft_limit_settings:show_less_labelShow less,Show less,x,x,,x
facets.facet.glossary_entry:widget:config:soft_limit_settings:show_more_labelShow more,Show more,x,x,,x
facets.facet.keywords:nameKeywords,Keywords,x,x,x,x
facets.facet.keywords:url_aliaskeywords,keywords,x,x,x,x
facets.facet.keywords:missing_labelothers,others,x,,,x
facets.facet.keywords:widget:config:default_option_labelKeywords,Keywords,x,x,x,x
facets.facet.keywords_grid_0:nameKeywords Grid,Keywords Grid,x,x,x,x
facets.facet.keywords_grid_0:url_aliaskeywords_taxonomy_term_name,keywords_taxonomy_term_name,,,,
facets.facet.keywords_grid_0:missing_labelothers,others,x,,,x
facets.facet.keywords_grid_0:widget:config:reset_textShow all,Show all,x,x,,x
facets.facet.keywords_grid_0:widget:config:soft_limit_settings:show_less_labelShow less,Show less,x,x,,x
facets.facet.keywords_grid_0:widget:config:soft_limit_settings:show_more_labelShow more,Show more,x,x,,x
facets.facet.keywords_map_0:nameKeywords Map,Keywords Map,x,x,x,x
facets.facet.keywords_map_0:url_aliaskeywords_taxonomy_term_name,keywords_taxonomy_term_name,,,,
facets.facet.keywords_map_0:missing_labelothers,others,x,,,x
facets.facet.keywords_map_0:widget:config:reset_textShow all,Show all,x,x,,x
facets.facet.keywords_map_0:widget:config:soft_limit_settings:show_less_labelShow less,Show less,x,x,,x
facets.facet.keywords_map_0:widget:config:soft_limit_settings:show_more_labelShow more,Show more,x,x,,x
facets.facet.keywords_taxonomy_term_name:nameKeywords,Keywords,x,x,x,x
facets.facet.keywords_taxonomy_term_name:url_aliaskeywords_taxonomy_term_name,keywords_taxonomy_term_name,,,,
facets.facet.keywords_taxonomy_term_name:missing_labelothers,others,x,,,x
facets.facet.keywords_taxonomy_term_name:widget:config:soft_limit_settings:show_less_labelShow less,Show less,x,x,,x
facets.facet.keywords_taxonomy_term_name:widget:config:soft_limit_settings:show_more_labelShow more,Show more,x,x,,x
facets.facet.keywords_taxonomy_term_name:widget:config:reset_textShow all,Show all,x,x,,x
facets.facet.language:nameLanguage,Language,x,x,x,x
facets.facet.language:url_aliaslanguage,language,x,x,x,x
facets.facet.language:missing_labelothers,others,x,,,x
facets.facet.language:widget:config:default_option_labelLanguage,Language,x,x,x,x
facets.facet.map_category:nameCategory,Category,x,x,x,x
facets.facet.map_category:url_aliascategory,category,,,,
facets.facet.map_category:missing_labelothers,others,x,,,x
facets.facet.map_category:widget:config:soft_limit_settings:show_less_labelShow less,Show less,x,x,,x
facets.facet.map_category:widget:config:soft_limit_settings:show_more_labelShow more,Show more,x,x,,x
facets.facet.map_category:widget:config:reset_textShow all,Show all,x,x,,x
facets.facet.media_assets_media_media_type:nameMedia type,Media type,x,x,x,x
facets.facet.media_assets_media_media_type:url_aliasmedia_assets_media_media_type,media_assets_media_media_type,,,,
facets.facet.media_assets_media_media_type:missing_labelothers,others,x,,,x
facets.facet.media_assets_media_media_type:widget:config:soft_limit_settings:show_less_labelShow less,Show less,x,x,,x
facets.facet.media_assets_media_media_type:widget:config:soft_limit_settings:show_more_labelShow more,Show more,x,x,,x
facets.facet.media_assets_media_media_type:widget:config:reset_textShow all,Show all,x,x,,x
facets.facet.media_type_grid_0:nameMedia type Grid,Media type Grid,x,x,x,x
facets.facet.media_type_grid_0:url_aliasmedia_assets_media_media_type,media_assets_media_media_type,,,,
facets.facet.media_type_grid_0:missing_labelothers,others,x,,,x
facets.facet.media_type_grid_0:widget:config:reset_textShow all,Show all,x,x,,x
facets.facet.media_type_grid_0:widget:config:soft_limit_settings:show_less_labelShow less,Show less,x,x,,x
facets.facet.media_type_grid_0:widget:config:soft_limit_settings:show_more_labelShow more,Show more,x,x,,x
facets.facet.media_type_grid_0:processor_configs:replace:settings:replacementsexternal_embed|external embed,external_embed|external embed,x,x,,x
facets.facet.media_type_map_0:nameMedia type Map,Media type Map,x,x,x,x
facets.facet.media_type_map_0:url_aliasmedia_assets_media_media_type,media_assets_media_media_type,,,,
facets.facet.media_type_map_0:missing_labelothers,others,x,,,x
facets.facet.media_type_map_0:widget:config:reset_textShow all,Show all,x,x,,x
facets.facet.media_type_map_0:widget:config:soft_limit_settings:show_less_labelShow less,Show less,x,x,,x
facets.facet.media_type_map_0:widget:config:soft_limit_settings:show_more_labelShow more,Show more,x,x,,x
facets.facet.taxonomy_reference_category:nameCategory,Category,x,x,x,x
facets.facet.taxonomy_reference_category:url_aliastaxonomy_reference_category,taxonomy_reference_category,,,,
facets.facet.taxonomy_reference_category:missing_labelothers,others,x,,,x
facets.facet.taxonomy_reference_category:widget:config:reset_textShow all,Show all,x,x,,x
facets.facet.taxonomy_reference_category:widget:config:soft_limit_settings:show_less_labelShow less,Show less,x,x,,x
facets.facet.taxonomy_reference_category:widget:config:soft_limit_settings:show_more_labelShow more,Show more,x,x,,x
facets.facet.taxonomy_reference_community:nameCommunity,Community,x,x,x,x
facets.facet.taxonomy_reference_community:url_aliastaxonomy_reference_community,taxonomy_reference_community,,,,
facets.facet.taxonomy_reference_community:missing_labelothers,others,x,,,x
facets.facet.taxonomy_reference_community:widget:config:reset_textShow all,Show all,x,x,,x
facets.facet.taxonomy_reference_community:widget:config:soft_limit_settings:show_less_labelShow less,Show less,x,x,,x
facets.facet.taxonomy_reference_community:widget:config:soft_limit_settings:show_more_labelShow more,Show more,x,x,,x
facets.facet.taxonomy_reference_keywords:nameKeywords,Keywords,x,x,x,x
facets.facet.taxonomy_reference_keywords:url_aliastaxonomy_reference_keywords,taxonomy_reference_keywords,,,,
facets.facet.taxonomy_reference_keywords:missing_labelothers,others,x,,,x
facets.facet.taxonomy_reference_keywords:widget:config:reset_textShow all,Show all,x,x,,x
facets.facet.taxonomy_reference_keywords:widget:config:soft_limit_settings:show_less_labelShow less,Show less,x,x,,x
facets.facet.taxonomy_reference_keywords:widget:config:soft_limit_settings:show_more_labelShow more,Show more,x,x,,x
facets.facet.word_lists:nameWord Lists,Word Lists,x,x,x,x
facets.facet.word_lists:url_aliasword_lists,word_lists,,,,
facets.facet.word_lists:missing_labelothers,others,x,,,x
facets.facet.word_lists:widget:config:default_option_labelWord Lists,Word Lists,x,x,x,x
facets.facet.word_type:nameWord Type,Word Type,x,x,x,x
facets.facet.word_type:url_aliasword_type,word_type,,,,
facets.facet.word_type:missing_labelothers,others,x,,,x
facets.facet.word_type:widget:config:default_option_labelWord Type,Word Type,x,x,x,x
facets.facet_source.search_api__views_block__mukurtu_digital_heritage_browse__mukurtu_digital_heritage_browse_block:namesearch_api:views_block__mukurtu_digital_heritage_browse__mukurtu_digital_heritage_browse_block,search_api:views_block__mukurtu_digital_heritage_browse__mukurtu_digital_heritage_browse_block,x,,,x
field.field.block_content.featured_content.body:labelBody,Body,x,x,,x
field.field.block_content.featured_content.field_featured_content:labelFeatured Content,Featured Content,x,x,x,x
field.field.block_content.full_image_with_description.body:labelBody,Body,x,x,,x
field.field.block_content.full_image_with_description.field_image:labelImage,Image,x,x,,x
field.field.block_content.full_image_with_description.field_text_color:labelText Color,Text Color,x,,,x
"field.field.block_content.full_image_with_description.field_text_color:descriptionChoose text color based on background contrast. Light uses white text, Dark uses brand primary dark color. Always verify color contrast meets accessibility standards (WCAG AA minimum 4.5:1 ratio) using an accessibility tool before publishing.","Choose text color based on background contrast. Light uses white text, Dark uses brand primary dark color. Always verify color contrast meets accessibility standards (WCAG AA minimum 4.5:1 ratio) using an accessibility tool before publishing.",x,,,x
field.field.block_content.image_with_description.body:labelBody,Body,x,x,,x
field.field.block_content.image_with_description.field_image:labelMedia,Media,x,x,,x
field.field.block_content.image_with_description.field_image:descriptionChoose an image or video to display.,Choose an image or video to display.,x,x,,x
field.field.block_content.vertical_image_with_description.body:labelBody,Body,x,x,,x
field.field.block_content.vertical_image_with_description.field_image:labelMedia,Media,x,x,,x
field.field.block_content.vertical_image_with_description.field_image:descriptionChoose an image or video to display,Choose an image or video to display,x,x,,x
field.field.comment.comment.comment_body:labelComment,Comment,x,x,x,x
field.field.config_pages.design_settings.field_design_settings__palette:labelDesign Settings Palette,Design Settings Palette,x,,,x
field.field.config_pages.design_settings.field_palette_brand_primary:labelBrand primary,Brand primary,x,,,x
field.field.config_pages.design_settings.field_palette_brand_primary_acc:labelBrand Primary Accent,Brand Primary Accent,x,,,x
field.field.config_pages.design_settings.field_palette_brand_primary_dark:labelBrand Primary Dark,Brand Primary Dark,x,,,x
field.field.config_pages.design_settings.field_palette_brand_secondary:labelBrand Secondary,Brand Secondary,x,,,x
field.field.config_pages.design_settings.field_palette_brand_secondary_ac:labelBrand Secondary Accent,Brand Secondary Accent,x,,,x
field.field.config_pages.design_settings.field_palette_brand_secondary_da:labelBrand Secondary Dark,Brand Secondary Dark,x,,,x
field.field.flagging.email_node.message_digest:labelNotification interval,Notification interval,x,,,x
field.field.flagging.email_term.message_digest:labelNotification interval,Notification interval,x,,,x
field.field.node.article.body:labelBody,Body,x,,,x
field.field.node.article.field_article_category:labelCategory,Category,x,x,x,x
field.field.node.article.field_article_image:labelImage,Image,x,,,x
field.field.node.article.field_article_image:descriptionUpload an image to go with this article.,Upload an image to go with this article.,x,,,x
field.field.node.article.field_article_keywords:labelKeywords,Keywords,x,x,x,x
field.field.node.article.field_article_keywords:descriptionKeywords provide added ways to group your content. They make it easier for users to search and retrieve content.,Keywords provide added ways to group your content. They make it easier for users to search and retrieve content.,x,,,x
field.field.node.collection.comment:labelComments,Comments,x,x,x,x
field.field.node.dictionary_word.comment:labelComments,Comments,x,x,x,x
field.field.node.digital_heritage.comment:labelComments,Comments,x,x,x,x
field.field.node.digital_heritage.field_content_type:labelContent Type,Content Type,x,x,x,x
field.field.node.digital_heritage.field_mukurtu_original_record:labelOriginal Record,Original Record,x,x,x,x
field.field.node.landing_page.layout_builder__layout:labelLayout,Layout,x,,,x
field.field.node.page.body:labelBody,Body,x,,,x
field.field.node.page.field_page_media_assets:labelMedia Assets,Media Assets,x,,,x
field.field.node.person.comment:labelComments,Comments,x,x,x,x
field.field.node.word_list.comment:labelComments,Comments,x,x,x,x
field.field.og_membership.default.og_membership_request:labelRequest membership,Request membership,x,x,x,
field.field.og_membership.default.og_membership_request:descriptionExplain the motivation for your request to join this group.,Explain the motivation for your request to join this group.,x,x,x,
field.field.taxonomy_term.category.field_thumbnail_image:labelThumbnail Image,Thumbnail Image,x,x,,
field.field.user.user.field_display_name:labelDisplay Name,Display Name,x,x,x,
field.field.user.user.message_digest:labelMessage digest interval,Message digest interval,x,x,x,
field.field.user.user.message_digest:descriptionThis will change how frequently message notifications are delivered.,This will change how frequently message notifications are delivered.,x,x,x,
field.field.user.user.message_subscribe_email:labelEmail subscriptions,Email subscriptions,x,x,x,
field.field.user.user.message_subscribe_email:descriptionEmail option will be checked automatically when subscribing to something.,Email option will be checked automatically when subscribing to something.,x,x,x,
field.field.user.user.message_subscribe_email:settings:on_labelEmail,Email,x,x,x,
field.field.user.user.message_subscribe_email:settings:off_labelDon't email,Don't email,x,x,x,
field.field.user.user.user_picture:labelPicture,Picture,x,x,x,
field.field.user.user.user_picture:descriptionYour virtual face or picture.,Your virtual face or picture.,x,x,x,
field.storage.block_content.field_text_color:settings:allowed_values:0:labelLight,Light,x,,,
field.storage.block_content.field_text_color:settings:allowed_values:1:labelDark,Dark,x,,,
field.storage.config_pages.field_design_settings__palette:settings:allowed_values:0:labelBlue Gold,Blue Gold,x,,,
field.storage.config_pages.field_design_settings__palette:settings:allowed_values:1:labelRed Bone,Red Bone,x,,,
field.storage.config_pages.field_design_settings__palette:settings:allowed_values:2:labelCustom,Custom,x,,,
field.storage.config_pages.field_palette_brand_primary:settings:format#HEXHEX,#HEXHEX,,,,
field.storage.config_pages.field_palette_brand_primary_acc:settings:format#HEXHEX,#HEXHEX,,,,
field.storage.config_pages.field_palette_brand_primary_dark:settings:format#HEXHEX,#HEXHEX,,,,
field.storage.config_pages.field_palette_brand_secondary:settings:format#HEXHEX,#HEXHEX,,,,
field.storage.config_pages.field_palette_brand_secondary_ac:settings:format#HEXHEX,#HEXHEX,,,,
field.storage.config_pages.field_palette_brand_secondary_da:settings:format#HEXHEX,#HEXHEX,,,,
filter.format.basic_html:nameBasic HTML,Basic HTML,x,x,,
filter.format.full_html:nameFull HTML,Full HTML,x,x,,
filter.format.mukurtu_html:nameMukurtu HTML,Mukurtu HTML,x,x,,
filter.format.plain_text:namePlain text,Plain text,x,x,,
flag.flag.email_node:labelEmail content,Email content,x,x,,
flag.flag.email_node:flag_shortSend email,Send email,x,x,,
flag.flag.email_node:unflag_shortDon't send email,Don't send email,x,x,,
flag.flag.email_og:labelEmail groups,Email groups,x,x,,
flag.flag.email_og:flag_shortSend email,Send email,x,x,,
flag.flag.email_og:unflag_shortDon't send email,Don't send email,x,x,,
flag.flag.email_term:labelEmail terms,Email terms,x,x,,
flag.flag.email_term:flag_shortSend email,Send email,x,x,,
flag.flag.email_term:unflag_shortDon't send email,Don't send email,x,x,,
flag.flag.export_content:labelExport Content,Export Content,x,x,,
flag.flag.export_content:flag_shortAdd to export list,Add to export list,x,x,,
flag.flag.export_content:flag_longAdd this item to the export list,Add this item to the export list,x,x,,
flag.flag.export_content:flag_messageAdded to export list,Added to export list,x,x,,
flag.flag.export_content:unflag_shortRemove from export list,Remove from export list,x,x,,
flag.flag.export_content:unflag_longRemove the item from the export list,Remove the item from the export list,x,x,,
flag.flag.export_content:unflag_messageRemoved from export list,Removed from export list,x,x,,
flag.flag.export_media:labelExport Media,Export Media,x,x,,
flag.flag.export_media:flag_shortAdd to export list,Add to export list,x,x,,
flag.flag.export_media:flag_longAdd this media to the export list,Add this media to the export list,x,x,,
flag.flag.export_media:flag_messageAdded to export list,Added to export list,x,x,,
flag.flag.export_media:unflag_shortRemove from export list,Remove from export list,x,x,,
flag.flag.export_media:unflag_longRemove the media from the export list,Remove the media from the export list,x,x,,
flag.flag.export_media:unflag_messageRemoved from export list,Removed from export list,x,x,,
flag.flag.mukurtu_email_collection:labelMukurtu Email Collection,Mukurtu Email Collection,x,x,,
flag.flag.mukurtu_email_collection:flag_shortFlag this item,Flag this item,x,x,,
flag.flag.mukurtu_email_collection:unflag_shortUnflag this item,Unflag this item,x,x,,
flag.flag.mukurtu_email_community:labelMukurtu Email Community,Mukurtu Email Community,x,x,,
flag.flag.mukurtu_email_community:flag_shortFlag this item,Flag this item,x,x,,
flag.flag.mukurtu_email_community:unflag_shortUnflag this item,Unflag this item,x,x,,
flag.flag.mukurtu_email_content:labelMukurtu Email Content,Mukurtu Email Content,x,x,,
flag.flag.mukurtu_email_content:flag_shortFlag this item,Flag this item,x,x,,
flag.flag.mukurtu_email_content:unflag_shortUnflag this item,Unflag this item,x,x,,
flag.flag.mukurtu_email_node:labelMukurtu Email Node,Mukurtu Email Node,x,,,
flag.flag.mukurtu_email_node:flag_shortFlag this item,Flag this item,x,,,
flag.flag.mukurtu_email_node:unflag_shortUnflag this item,Unflag this item,x,,,
flag.flag.mukurtu_email_og:labelMukurtu Email groups,Mukurtu Email groups,x,x,,
flag.flag.mukurtu_email_og:flag_shortSend email,Send email,x,x,,
flag.flag.mukurtu_email_og:unflag_shortDon't send email,Don't send email,x,x,,
flag.flag.mukurtu_email_term:labelMukurtu Email terms,Mukurtu Email terms,x,x,,
flag.flag.mukurtu_email_term:flag_shortSend email,Send email,x,x,,
flag.flag.mukurtu_email_term:unflag_shortDon't send email,Don't send email,x,x,,
flag.flag.mukurtu_follow_collection:labelMukurtu Follow Collection,Mukurtu Follow Collection,,,,
flag.flag.mukurtu_follow_collection:flag_shortFollow this Collection,Follow this Collection,,,,
flag.flag.mukurtu_follow_collection:unflag_shortStop Following this Collection,Stop Following this Collection,,,,
flag.flag.mukurtu_follow_community:labelMukurtu Follow Community,Mukurtu Follow Community,,,,
flag.flag.mukurtu_follow_community:flag_shortFollow this Community,Follow this Community,,,,
flag.flag.mukurtu_follow_community:unflag_shortStop Following this Community,Stop Following this Community,,,,
flag.flag.mukurtu_follow_content:labelMukurtu Follow Content,Mukurtu Follow Content,,,,
flag.flag.mukurtu_follow_content:flag_shortFollow,Follow,,,,
flag.flag.mukurtu_follow_content:flag_longStart receiving notifications for changes to this content.,Start receiving notifications for changes to this content.,,,,
flag.flag.mukurtu_follow_content:unflag_shortStop Following,Stop Following,,,,
flag.flag.mukurtu_follow_content:unflag_longStop receiving notifications for changes to this content.,Stop receiving notifications for changes to this content.,,,,
flag.flag.subscribe_node:labelContent,Content,,,,
flag.flag.subscribe_node:flag_shortSubscribe,Subscribe,,,,
flag.flag.subscribe_node:flag_messageYou are now subscribed to this item.,You are now subscribed to this item.,,,,
flag.flag.subscribe_node:unflag_shortUnsubscribe,Unsubscribe,,,,
flag.flag.subscribe_node:unflag_messageYou are no longer subscribed to this item.,You are no longer subscribed to this item.,,,,
flag.flag.subscribe_og:labelGroups,Groups,,,,
flag.flag.subscribe_og:flag_shortSubscribe,Subscribe,,,,
flag.flag.subscribe_og:flag_messageYou are now subscribed to this item.,You are now subscribed to this item.,,,,
flag.flag.subscribe_og:unflag_shortUnsubscribe,Unsubscribe,,,,
flag.flag.subscribe_og:unflag_messageYou are no longer subscribed to this item.,You are no longer subscribed to this item.,,,,
flag.flag.subscribe_term:labelTerms,Terms,,,,
flag.flag.subscribe_term:flag_shortSubscribe,Subscribe,,,,
flag.flag.subscribe_term:flag_messageYou are now subscribed to this item.,You are now subscribed to this item.,,,,
flag.flag.subscribe_term:unflag_shortUnsubscribe,Unsubscribe,,,,
flag.flag.subscribe_term:unflag_messageYou are no longer subscribed to this item.,You are no longer subscribed to this item.,,,,
image.style.browse_collections_3_2_:labelBrowse Collections (3:2),Browse Collections (3:2),x,,,
image.style.carousel_thumbnail:labelCarousel Thumbnail (200px h),Carousel Thumbnail (200px h),x,,,
image.style.large:labelLarge (480×480),Large (480×480),x,,,
image.style.large_900px:labelLarge (900px w),Large (900px w),x,,,
image.style.media_library:labelMedia Library thumbnail (220×220),Media Library thumbnail (220×220),x,,,
image.style.medium:labelMedium (220×220),Medium (220×220),x,,,
image.style.medium_480px_w_:labelMedium (480px w),Medium (480px w),x,,,
image.style.small_250px_w_:labelSmall (250px w),Small (250px w),x,,,
image.style.thumbnail:labelThumbnail (100×100),Thumbnail (100×100),x,,,
image.style.wide:labelWide (1090),Wide (1090),x,,,
language.entity.en:labelEnglish,English,x,x,,
language.entity.fr:labelFrench,French,x,x,,
language.entity.und:labelNot specified,Not specified,x,x,,
language.entity.zxx:labelNot applicable,Not applicable,x,x,,
media.type.audio:labelAudio,Audio,x,x,,
media.type.audio:descriptionA locally hosted audio file.,A locally hosted audio file.,x,x,,
media.type.document:labelDocument,Document,x,x,,
"media.type.document:descriptionAn uploaded file or document, such as a PDF.","An uploaded file or document, such as a PDF.",x,x,,
media.type.external_embed:labelExternal Embed,External Embed,x,x,,
media.type.external_embed:descriptionAn embed code from a remote website.,An embed code from a remote website.,x,x,,
media.type.image:labelImage,Image,x,x,,
media.type.image:descriptionUse local images for reusable media.,Use local images for reusable media.,x,x,,
media.type.remote_video:labelRemote video,Remote video,x,x,,
media.type.remote_video:descriptionA remotely hosted video from YouTube or Vimeo.,A remotely hosted video from YouTube or Vimeo.,x,x,,
media.type.soundcloud:labelSoundCloud,SoundCloud,x,x,,
media.type.video:labelVideo,Video,x,x,,
media.type.video:descriptionA locally hosted video file.,A locally hosted video file.,x,x,,
message.template.mukurtu_batch_import_report:labelMukurtu Batch Import Report,Mukurtu Batch Import Report,x,x,,x
message.template.mukurtu_batch_import_report:descriptionA report containing the results of a batch import.,A report containing the results of a batch import.,x,x,,x
"message.template.mukurtu_batch_import_report:text:0:valueBatch imported [message:field_number_imported] items on [message:created] (<a href=""/import/report/[message:mid]"">Details</a>).","Batch imported [message:field_number_imported] items on [message:created] (<a href=""/import/report/[message:mid]"">Details</a>).",x,x,,x
message.template.mukurtu_new_item_in_collection:labelMukurtu New Item in Collection,Mukurtu New Item in Collection,x,x,,x
message.template.mukurtu_new_item_in_collection:descriptionA new item has been added to a collection.,A new item has been added to a collection.,x,x,,x
"message.template.mukurtu_new_item_in_collection:text:0:value<p>[message:field_item:entity:field_content_type] item&nbsp;<a href=""[message:field_item:entity:url]"">[message:field_item:entity:title]</a> has been added to <a href=""[message:field_collection:entity:url]"">[message:field_collection:entity:title]</a>.</p>","<p>[message:field_item:entity:field_content_type] item&nbsp;<a href=""[message:field_item:entity:url]"">[message:field_item:entity:title]</a> has been added to <a href=""[message:field_collection:entity:url]"">[message:field_collection:entity:title]</a>.</p>",x,x,,x
message.template.mukurtu_new_item_in_community:labelMukurtu New Item in Community,Mukurtu New Item in Community,x,x,,x
message.template.mukurtu_new_item_in_community:descriptionA new item has been added to a community.,A new item has been added to a community.,x,x,,x
"message.template.mukurtu_new_item_in_community:text:0:value<p>[message:field_item:entity:field_content_type] item&nbsp;<a href=""[message:field_item:entity:url]"">[message:field_item:entity:title]</a> has been added to <a href=""[message:field_community:entity:url]"">[message:field_community:entity:title]</a>.</p>","<p>[message:field_item:entity:field_content_type] item&nbsp;<a href=""[message:field_item:entity:url]"">[message:field_item:entity:title]</a> has been added to <a href=""[message:field_community:entity:url]"">[message:field_community:entity:title]</a>.</p>",x,x,,x
message.template.mukurtu_new_item_in_protocol:labelMukurtu New Item in Protocol,Mukurtu New Item in Protocol,x,x,,x
message.template.mukurtu_new_item_in_protocol:descriptionA new item has been added to a protocol.,A new item has been added to a protocol.,x,x,,x
"message.template.mukurtu_new_item_in_protocol:text:0:value<p>[message:field_item:entity:field_content_type] item&nbsp;<a href=""[message:field_item:entity:url]"">[message:field_item:entity:title]</a>&nbsp;is now available in protocol <a href=""[message:field_protocol:entity:url]"">[message:field_protocol:entity:title]</a>.</p>","<p>[message:field_item:entity:field_content_type] item&nbsp;<a href=""[message:field_item:entity:url]"">[message:field_item:entity:title]</a>&nbsp;is now available in protocol <a href=""[message:field_protocol:entity:url]"">[message:field_protocol:entity:title]</a>.</p>",x,x,,x
message.template.mukurtu_new_user_registration:labelMukurtu New User Registration,Mukurtu New User Registration,x,x,,x
message.template.mukurtu_new_user_registration:descriptionA new user has registered with the site and needs approval.,A new user has registered with the site and needs approval.,x,x,,x
"message.template.mukurtu_new_user_registration:text:0:value<p>New user registration: <a href=""[message:field_user:entity:url]"">[message:field_user:entity:field_display_name] ([message:field_user:entity:account-name])</a> has requested an account and requires action.</p>","<p>New user registration: <a href=""[message:field_user:entity:url]"">[message:field_user:entity:field_display_name] ([message:field_user:entity:account-name])</a> has requested an account and requires action.</p>",x,x,,x
message.template.mukurtu_single_node_delete:labelMukurtu Single Node Delete,Mukurtu Single Node Delete,x,x,,x
message.template.mukurtu_single_node_delete:descriptionThe standard message for the deletion of a single node.,The standard message for the deletion of a single node.,x,x,,x
message.template.mukurtu_single_node_delete:text:0:value<p>[message:field_content_type] item&nbsp;<em>[message:field_title]</em> was deleted.</p>,<p>[message:field_content_type] item&nbsp;<em>[message:field_title]</em> was deleted.</p>,x,x,,x
message.template.mukurtu_single_node_insert:labelMukurtu Single Node Insert,Mukurtu Single Node Insert,x,x,,x
message.template.mukurtu_single_node_insert:descriptionStandard template for a single node being created.,Standard template for a single node being created.,x,x,,x
"message.template.mukurtu_single_node_insert:text:0:value<p>[message:field_item:entity:field_content_type] item&nbsp;<a href=""[message:field_item:entity:url]"">[message:field_item:entity:title]</a> has been created.</p>","<p>[message:field_item:entity:field_content_type] item&nbsp;<a href=""[message:field_item:entity:url]"">[message:field_item:entity:title]</a> has been created.</p>",x,x,,x
message.template.mukurtu_single_node_update:labelMukurtu Single Node Update,Mukurtu Single Node Update,x,x,,x
message.template.mukurtu_single_node_update:descriptionStandard template for a single node being updated.,Standard template for a single node being updated.,x,x,,x
"message.template.mukurtu_single_node_update:text:0:value<p>[message:field_item:entity:field_content_type] item&nbsp;<a href=""[message:field_item:entity:url]"">[message:field_item:entity:title]</a> has been updated.</p>","<p>[message:field_item:entity:field_content_type] item&nbsp;<a href=""[message:field_item:entity:url]"">[message:field_item:entity:title]</a> has been updated.</p>",x,x,,x
message_digest.interval.daily:labelDaily,Daily,x,x,x,
message_digest.interval.daily:descriptionSends messages in 1 day intervals.,Sends messages in 1 day intervals.,x,x,x,
message_digest.interval.weekly:labelWeekly,Weekly,x,x,x,
message_digest.interval.weekly:descriptionSends messages in 1 week intervals.,Sends messages in 1 week intervals.,x,x,x,
migrate_plus.migration.mukurtu_cms_v3_article:labelArticle,Article,x,,,x
migrate_plus.migration.mukurtu_cms_v3_collection:labelCollection,Collection,x,,,x
migrate_plus.migration.mukurtu_cms_v3_communities:labelCommunities,Communities,x,,,x
migrate_plus.migration.mukurtu_cms_v3_community_memberships:labelMemberships - Community,Memberships - Community,x,,,x
migrate_plus.migration.mukurtu_cms_v3_content_warnings:labelMukurtu Content Warnings,Mukurtu Content Warnings,x,,,x
migrate_plus.migration.mukurtu_cms_v3_cultural_protocols:labelCultural Protocols,Cultural Protocols,x,,,x
migrate_plus.migration.mukurtu_cms_v3_dictionary_word:labelDictionary Word,Dictionary Word,x,,,x
migrate_plus.migration.mukurtu_cms_v3_digital_heritage:labelDigital Heritage,Digital Heritage,x,,,x
migrate_plus.migration.mukurtu_cms_v3_file:labelFiles - Public,Files - Public,x,,,x
migrate_plus.migration.mukurtu_cms_v3_file_private:labelFiles - Private,Files - Private,x,,,x
migrate_plus.migration.mukurtu_cms_v3_language_communities:labelLanguage Communities,Language Communities,x,,,x
migrate_plus.migration.mukurtu_cms_v3_language_community_community_memberships:labelCommunity Memberships - Language Community,Community Memberships - Language Community,x,,,x
migrate_plus.migration.mukurtu_cms_v3_language_community_protocols:labelLanguage Community Protocols,Language Community Protocols,x,,,x
migrate_plus.migration.mukurtu_cms_v3_language_community_protocol_memberships:labelProtocol Memberships - Language Community,Protocol Memberships - Language Community,x,,,x
migrate_plus.migration.mukurtu_cms_v3_legacy_tk_community_labels:labelLegacy TK Community Labels,Legacy TK Community Labels,x,,,x
migrate_plus.migration.mukurtu_cms_v3_legacy_tk_community_projects:labelLegacy TK Community Projects,Legacy TK Community Projects,x,,,x
migrate_plus.migration.mukurtu_cms_v3_legacy_tk_community_projects_group_supported:labelLegacy TK Community Projects - Group Supported,Legacy TK Community Projects - Group Supported,x,,,x
migrate_plus.migration.mukurtu_cms_v3_legacy_tk_default_labels:labelLegacy TK Default Labels,Legacy TK Default Labels,x,,,x
migrate_plus.migration.mukurtu_cms_v3_legacy_tk_default_project:labelLegacy TK Default Project,Legacy TK Default Project,x,,,x
migrate_plus.migration.mukurtu_cms_v3_legacy_tk_default_project_site_supported:labelLegacy TK Default Project - Site Supported,Legacy TK Default Project - Site Supported,x,,,x
migrate_plus.migration.mukurtu_cms_v3_legacy_tk_sitewide_labels:labelLegacy TK Sitewide Labels,Legacy TK Sitewide Labels,x,,,x
migrate_plus.migration.mukurtu_cms_v3_legacy_tk_sitewide_project:labelLegacy TK Sitewide Project,Legacy TK Sitewide Project,x,,,x
migrate_plus.migration.mukurtu_cms_v3_legacy_tk_sitewide_project_site_supported:labelLegacy TK Sitewide Project - Site Supported,Legacy TK Sitewide Project - Site Supported,x,,,x
migrate_plus.migration.mukurtu_cms_v3_media_audio:labelMedia - Audio,Media - Audio,x,,,x
migrate_plus.migration.mukurtu_cms_v3_media_document:labelMedia - Documents,Media - Documents,x,,,x
migrate_plus.migration.mukurtu_cms_v3_media_image:labelMedia - Images,Media - Images,x,,,x
migrate_plus.migration.mukurtu_cms_v3_media_video:labelMedia - Video,Media - Video,x,,,x
migrate_plus.migration.mukurtu_cms_v3_multipage_item:labelMultipage Item,Multipage Item,x,,,x
migrate_plus.migration.mukurtu_cms_v3_page:labelBasic Page,Basic Page,x,,,x
migrate_plus.migration.mukurtu_cms_v3_paragraphs_dictionary_word_entry:labelParagraphs - Dictionary Word Entry,Paragraphs - Dictionary Word Entry,x,,,x
migrate_plus.migration.mukurtu_cms_v3_paragraphs_related_person:labelParagraphs - Related Person,Paragraphs - Related Person,x,,,x
migrate_plus.migration.mukurtu_cms_v3_person:labelPerson,Person,x,,,x
migrate_plus.migration.mukurtu_cms_v3_personal_collection:labelPersonal Collection,Personal Collection,x,,,x
migrate_plus.migration.mukurtu_cms_v3_protocol_memberships:labelMemberships - Protocol,Memberships - Protocol,x,,,x
migrate_plus.migration.mukurtu_cms_v3_terms_category:labelTaxonomy Terms - Category,Taxonomy Terms - Category,x,,,x
migrate_plus.migration.mukurtu_cms_v3_terms_contributor:labelTaxonomy Terms - Contributor,Taxonomy Terms - Contributor,x,,,x
migrate_plus.migration.mukurtu_cms_v3_terms_creator:labelTaxonomy Terms - Creator,Taxonomy Terms - Creator,x,,,x
migrate_plus.migration.mukurtu_cms_v3_terms_format:labelTaxonomy Terms - Format,Taxonomy Terms - Format,x,,,x
migrate_plus.migration.mukurtu_cms_v3_terms_interpersonal_relationship:labelTaxonomy Terms - Interpersonal Relationship,Taxonomy Terms - Interpersonal Relationship,x,,,x
migrate_plus.migration.mukurtu_cms_v3_terms_keywords:labelTaxonomy Terms - Keywords,Taxonomy Terms - Keywords,x,,,x
migrate_plus.migration.mukurtu_cms_v3_terms_language:labelTaxonomy Terms - Language,Taxonomy Terms - Language,x,,,x
migrate_plus.migration.mukurtu_cms_v3_terms_media_tags:labelTaxonomy Terms - Media Tags,Taxonomy Terms - Media Tags,x,,,x
migrate_plus.migration.mukurtu_cms_v3_terms_people:labelTaxonomy Terms - People,Taxonomy Terms - People,x,,,x
migrate_plus.migration.mukurtu_cms_v3_terms_publisher:labelTaxonomy Terms - Publisher,Taxonomy Terms - Publisher,x,,,x
migrate_plus.migration.mukurtu_cms_v3_terms_subject:labelTaxonomy Terms - Subject,Taxonomy Terms - Subject,x,,,x
migrate_plus.migration.mukurtu_cms_v3_terms_type:labelTaxonomy Terms - Type,Taxonomy Terms - Type,x,,,x
migrate_plus.migration.mukurtu_cms_v3_terms_word_type:labelTaxonomy Terms - Part of Speech,Taxonomy Terms - Part of Speech,x,,,x
migrate_plus.migration.mukurtu_cms_v3_users:labelUser accounts,User accounts,x,,,x
migrate_plus.migration.mukurtu_cms_v3_users_uid1:labelUser accounts - Admin Account,User accounts - Admin Account,x,,,x
migrate_plus.migration.mukurtu_cms_v3_word_list:labelWord List,Word List,x,,,x
migrate_plus.migration_group.mukurtu_cms_v3:labelMukurtu CMS v3,Mukurtu CMS v3,x,,,x
mukurtu_content_warnings.settings:people_warnings:warning_singleWarning: [name] is deceased. Click through to access content.,Warning: [name] is deceased. Click through to access content.,x,x,x,x
mukurtu_content_warnings.settings:people_warnings:warning_multipleWarning: The following people are deceased. Click through to access content. [names],Warning: The following people are deceased. Click through to access content. [names],x,x,x,x
mukurtu_export.csv_exporter.recommended_settings_for_import:labelRecommended Settings for Import,Recommended Settings for Import,x,x,,x
mukurtu_export.csv_exporter.recommended_settings_for_import:descriptionSettings appropriate for export and subsequent import on the same site.,Settings appropriate for export and subsequent import on the same site.,x,x,,x
node.type.article:nameArticle,Article,x,x,x,
"node.type.article:descriptionUse <em>articles</em> for time-sensitive content like news, press releases or blog posts.","Use <em>articles</em> for time-sensitive content like news, press releases or blog posts.",x,,,
node.type.collection:nameCollection,Collection,x,x,x,x
node.type.collection:descriptionA collection of digital heritage items.,A collection of digital heritage items.,x,x,,x
node.type.dictionary_word:nameDictionary Word,Dictionary Word,x,x,x,x
"node.type.dictionary_word:descriptionProvide definitions, sample sentences, and audio/video for terms.","Provide definitions, sample sentences, and audio/video for terms.",x,x,,x
node.type.digital_heritage:nameDigital Heritage,Digital Heritage,x,x,x,x
"node.type.digital_heritage:descriptionContent & media items: images, movies, audio, documents","Content & media items: images, movies, audio, documents",x,x,,x
node.type.landing_page:nameLanding Page,Landing Page,x,,,
node.type.landing_page:descriptionCreate custom <em>landing pages</em> with flexible layouts using drag-and-drop components and blocks.,Create custom <em>landing pages</em> with flexible layouts using drag-and-drop components and blocks.,x,,,
"node.type.landing_page:helpTo create a landing page, start by adding your page title and saving it. After saving, click the ""Layout"" tab to build your page structure. In the Layout Builder, first add sections, then add content blocks like text, images, or lists inside each section. Drag and drop everything to arrange it how you want. When finished, click ""Save Layout"".","To create a landing page, start by adding your page title and saving it. After saving, click the ""Layout"" tab to build your page structure. In the Layout Builder, first add sections, then add content blocks like text, images, or lists inside each section. Drag and drop everything to arrange it how you want. When finished, click ""Save Layout"".",x,,,
node.type.page:nameBasic page,Basic page,x,,,
"node.type.page:descriptionUse <em>basic pages</em> for your static content, such as an 'About us' page.","Use <em>basic pages</em> for your static content, such as an 'About us' page.",x,,,
node.type.person:namePerson,Person,x,x,x,x
node.type.person:descriptionAdd detailed information about a specific person.,Add detailed information about a specific person.,x,x,,x
node.type.word_list:nameWord List,Word List,x,x,x,x
node.type.word_list:descriptionA collection of dictionary words.,A collection of dictionary words.,x,x,,
og.og_role.community-community-community_affiliate:labelCommunity Affiliate,Community Affiliate,x,x,x,x
og.og_role.community-community-community_manager:labelCommunity Manager,Community Manager,x,x,x,x
og.og_role.community-community-community_member:labelCommunity Member,Community Member,x,x,x,x
og.og_role.community-community-member:labelMember,Member,,,,
og.og_role.community-community-non-member:labelNon-member,Non-member,,,,
og.og_role.language_community-language_community-administrator:labelAdministrator,Administrator,x,,,x
og.og_role.language_community-language_community-language_steward:labelLanguage Steward,Language Steward,x,x,x,x
og.og_role.language_community-language_community-member:labelMember,Member,,,,
og.og_role.language_community-language_community-non-member:labelNon-member,Non-member,,,,
og.og_role.protocol-protocol-community_record_steward:labelCommunity Record Steward,Community Record Steward,x,x,x,x
og.og_role.protocol-protocol-contributor:labelContributor,Contributor,x,x,x,x
og.og_role.protocol-protocol-curator:labelCurator,Curator,x,x,x,x
og.og_role.protocol-protocol-language_contributor:labelLanguage Contributor,Language Contributor,x,x,x,x
og.og_role.protocol-protocol-language_steward:labelLanguage Steward,Language Steward,x,x,x,x
og.og_role.protocol-protocol-member:labelMember,Member,,,,
og.og_role.protocol-protocol-non-member:labelNon-member,Non-member,,,,
og.og_role.protocol-protocol-protocol_affiliate:labelProtocol Affiliate,Protocol Affiliate,x,x,x,x
og.og_role.protocol-protocol-protocol_member:labelProtocol Member,Protocol Member,x,x,x,x
og.og_role.protocol-protocol-protocol_steward:labelProtocol Steward,Protocol Steward,x,x,x,x
paragraphs.paragraphs_type.dictionary_word_entry:labelWord Entry,Word Entry,x,x,x,x
paragraphs.paragraphs_type.dictionary_word_entry:descriptionA paragraph type that appears on the Dictionary Word content type.,A paragraph type that appears on the Dictionary Word content type.,x,x,,x
paragraphs.paragraphs_type.formatted_text_with_title:labelBiography section,Biography section,x,x,,x
paragraphs.paragraphs_type.indigenous_knowledge_keepers:labelCiting Indigenous Elders and Knowledge Keepers,Citing Indigenous Elders and Knowledge Keepers,x,x,x,x
paragraphs.paragraphs_type.indigenous_knowledge_keepers:descriptionA field to cite Indigenous elders and Knowledge Keepers.,A field to cite Indigenous elders and Knowledge Keepers.,x,x,,x
paragraphs.paragraphs_type.related_person:labelRelated Person,Related Person,x,x,x,x
paragraphs.paragraphs_type.sample_sentence:labelSample Sentence,Sample Sentence,x,x,x,x
pathauto.pattern.landing_pages:labelLanding Pages,Landing Pages,x,,,
pathauto.pattern.mukurtu_community_pattern:labelMukurtu Community Pattern,Mukurtu Community Pattern,,,,
pathauto.pattern.mukurtu_cultural_protocol_pattern:labelMukurtu Cultural Protocol Pattern,Mukurtu Cultural Protocol Pattern,,,,
pathauto.pattern.mukurtu_default_content_pattern:labelMukurtu Default Content Pattern,Mukurtu Default Content Pattern,,,,
pathauto.pattern.mukurtu_taxonomy_pattern:labelMukurtu Taxonomy Pattern,Mukurtu Taxonomy Pattern,,,,
search_api.index.export_list_content:nameExport List: Content,Export List: Content,x,x,,
search_api.index.export_list_content:descriptionSearch index for the content export list.,Search index for the content export list.,x,x,,
search_api.index.export_list_media:nameExport List: Media,Export List: Media,x,x,,
search_api.index.export_list_media:descriptionSearch index for the media export list.,Search index for the media export list.,x,x,,
search_api.index.mukurtu_browse_auto_index:nameMukurtu Browse Auto Content Index,Mukurtu Browse Auto Content Index,x,x,,x
search_api.index.mukurtu_collection_index:nameMukurtu Collection Index,Mukurtu Collection Index,x,x,,x
search_api.index.mukurtu_collection_index:descriptionIndex for Mukurtu Collections.,Index for Mukurtu Collections.,x,x,,x
search_api.index.mukurtu_default_content_index:nameMukurtu Default content index,Mukurtu Default content index,x,x,,x
search_api.index.mukurtu_default_content_index:descriptionDefault Mukurtu content index,Default Mukurtu content index,x,x,,x
search_api.index.mukurtu_dictionary_index:nameMukurtu Dictionary Index,Mukurtu Dictionary Index,x,x,,x
search_api.index.mukurtu_dictionary_index:descriptionIndex for the Mukurtu dictionary.,Index for the Mukurtu dictionary.,x,x,,x
search_api.server.mukurtu_database_server:nameMukurtu Database Server,Mukurtu Database Server,x,,,x
search_api.server.mukurtu_database_server:descriptionMukurtu default database server,Mukurtu default database server,x,,,x
shortcut.set.default:labelDefault,Default,,,,
system.action.comment_delete_action:labelDelete comment,Delete comment,x,x,,
system.action.comment_publish_action:labelPublish comment,Publish comment,x,x,,
system.action.comment_save_action:labelSave comment,Save comment,x,x,,
system.action.comment_unpublish_action:labelUnpublish comment,Unpublish comment,x,x,,
system.action.flag_action.email_node_flag:labelSend email,Send email,x,,,
system.action.flag_action.email_node_unflag:labelDon't send email,Don't send email,x,,,
system.action.flag_action.email_og_flag:labelSend email,Send email,x,,,
system.action.flag_action.email_og_unflag:labelDon't send email,Don't send email,x,,,
system.action.flag_action.email_term_flag:labelSend email,Send email,x,,,
system.action.flag_action.email_term_unflag:labelDon't send email,Don't send email,x,,,
system.action.flag_action.export_content_flag:labelAdd to export list,Add to export list,x,,,
system.action.flag_action.export_content_unflag:labelRemove from export list,Remove from export list,x,,,
system.action.flag_action.export_media_flag:labelAdd to export list,Add to export list,x,,,
system.action.flag_action.export_media_unflag:labelRemove from export list,Remove from export list,x,,,
system.action.flag_action.mukurtu_email_collection_flag:labelFlag this item,Flag this item,x,,,
system.action.flag_action.mukurtu_email_collection_unflag:labelUnflag this item,Unflag this item,x,,,
system.action.flag_action.mukurtu_email_community_flag:labelFlag this item,Flag this item,x,,,
system.action.flag_action.mukurtu_email_community_unflag:labelUnflag this item,Unflag this item,x,,,
system.action.flag_action.mukurtu_email_content_flag:labelFlag this item,Flag this item,x,,,
system.action.flag_action.mukurtu_email_content_unflag:labelUnflag this item,Unflag this item,x,,,
system.action.flag_action.mukurtu_email_node_flag:labelFlag this item,Flag this item,x,,,
system.action.flag_action.mukurtu_email_node_unflag:labelUnflag this item,Unflag this item,x,,,
system.action.flag_action.mukurtu_email_og_flag:labelSend email,Send email,x,,,
system.action.flag_action.mukurtu_email_og_unflag:labelDon't send email,Don't send email,x,,,
system.action.flag_action.mukurtu_email_term_flag:labelSend email,Send email,x,,,
system.action.flag_action.mukurtu_email_term_unflag:labelDon't send email,Don't send email,x,,,
system.action.flag_action.mukurtu_follow_collection_flag:labelFollow this Collection,Follow this Collection,,,,
system.action.flag_action.mukurtu_follow_collection_unflag:labelStop Following this Collection,Stop Following this Collection,,,,
system.action.flag_action.mukurtu_follow_community_flag:labelFollow this Community,Follow this Community,,,,
system.action.flag_action.mukurtu_follow_community_unflag:labelStop Following this Community,Stop Following this Community,,,,
system.action.flag_action.mukurtu_follow_content_flag:labelFollow,Follow,,,,
system.action.flag_action.mukurtu_follow_content_unflag:labelStop Following,Stop Following,,,,
system.action.flag_action.subscribe_node_flag:labelSubscribe,Subscribe,,,,
system.action.flag_action.subscribe_node_unflag:labelUnsubscribe,Unsubscribe,,,,
system.action.flag_action.subscribe_og_flag:labelSubscribe,Subscribe,,,,
system.action.flag_action.subscribe_og_unflag:labelUnsubscribe,Unsubscribe,,,,
system.action.flag_action.subscribe_term_flag:labelSubscribe,Subscribe,,,,
system.action.flag_action.subscribe_term_unflag:labelUnsubscribe,Unsubscribe,,,,
system.action.flag_delete_flagging:labelDelete flagging,Delete flagging,x,x,,
system.action.media_delete_action:labelDelete media,Delete media,x,x,,
system.action.media_publish_action:labelPublish media,Publish media,x,x,,
system.action.media_save_action:labelSave media,Save media,x,x,,
system.action.media_unpublish_action:labelUnpublish media,Unpublish media,x,x,,
system.action.message_delete_action:labelDelete selected messages,Delete selected messages,x,,,
system.action.message_digest_interval.email_node.daily:labelSend notifications daily,Send notifications daily,x,,,
system.action.message_digest_interval.email_node.immediate:labelSend notifications immediately,Send notifications immediately,x,,,
system.action.message_digest_interval.email_node.weekly:labelSend notifications weekly,Send notifications weekly,x,,,
system.action.message_digest_interval.email_term.daily:labelSend notifications daily,Send notifications daily,x,,,
system.action.message_digest_interval.email_term.immediate:labelSend notifications immediately,Send notifications immediately,x,,,
system.action.message_digest_interval.email_term.weekly:labelSend notifications weekly,Send notifications weekly,x,,,
system.action.message_digest_interval.email_user.daily:labelSend notifications daily,Send notifications daily,x,,,
system.action.message_digest_interval.email_user.immediate:labelSend notifications immediately,Send notifications immediately,x,,,
system.action.message_digest_interval.email_user.weekly:labelSend notifications weekly,Send notifications weekly,x,,,
system.action.message_save_action:labelSave message,Save message,x,,,
system.action.node_delete_action:labelDelete content,Delete content,x,x,,
system.action.node_make_sticky_action:labelMake content sticky,Make content sticky,x,,,
system.action.node_make_unsticky_action:labelMake content unsticky,Make content unsticky,x,,,
system.action.node_promote_action:labelPromote content to front page,Promote content to front page,x,,,
system.action.node_publish_action:labelPublish content,Publish content,x,x,,
system.action.node_save_action:labelSave content,Save content,x,x,,
system.action.node_unpromote_action:labelRemove content from front page,Remove content from front page,x,,,
system.action.node_unpublish_action:labelUnpublish content,Unpublish content,x,x,,
system.action.og_membership_add_multiple_roles_action:labelAdd roles to the selected membership(s),Add roles to the selected membership(s),x,x,,x
system.action.og_membership_add_single_role_action.administrator:labelAdd the administrator role to the selected members,Add the administrator role to the selected members,x,x,,x
system.action.og_membership_add_single_role_action.community_affiliate:labelAdd the community_affiliate role to the selected members,Add the community_affiliate role to the selected members,x,x,,x
system.action.og_membership_add_single_role_action.community_manager:labelAdd the community_manager role to the selected members,Add the community_manager role to the selected members,x,x,,x
system.action.og_membership_add_single_role_action.community_member:labelAdd the community_member role to the selected members,Add the community_member role to the selected members,x,x,,x
system.action.og_membership_add_single_role_action.community_record_steward:labelAdd the community_record_steward role to the selected members,Add the community_record_steward role to the selected members,x,x,,x
system.action.og_membership_add_single_role_action.contributor:labelAdd the contributor role to the selected members,Add the contributor role to the selected members,x,x,,x
system.action.og_membership_add_single_role_action.curator:labelAdd the curator role to the selected members,Add the curator role to the selected members,x,x,,x
system.action.og_membership_add_single_role_action.language contributor:labelAdd the language contributor role to the selected members,Add the language contributor role to the selected members,x,x,,x
system.action.og_membership_add_single_role_action.language steward:labelAdd the language steward role to the selected members,Add the language steward role to the selected members,x,x,,x
system.action.og_membership_add_single_role_action.language_contributor:labelAdd the language_contributor role to the selected members,Add the language_contributor role to the selected members,x,x,,x
system.action.og_membership_add_single_role_action.language_steward:labelAdd the language_steward role to the selected members,Add the language_steward role to the selected members,x,x,,x
system.action.og_membership_add_single_role_action.protocol_affiliate:labelAdd the protocol_affiliate role to the selected members,Add the protocol_affiliate role to the selected members,x,x,,x
system.action.og_membership_add_single_role_action.protocol_member:labelAdd the protocol_member role to the selected members,Add the protocol_member role to the selected members,x,x,,x
system.action.og_membership_add_single_role_action.protocol_steward:labelAdd the protocol_steward role to the selected members,Add the protocol_steward role to the selected members,x,x,,x
system.action.og_membership_approve_pending_action:labelApprove the pending membership(s),Approve the pending membership(s),x,x,,x
system.action.og_membership_block_action:labelBlock the selected membership(s),Block the selected membership(s),x,x,,x
system.action.og_membership_delete_action:labelDelete the selected membership(s),Delete the selected membership(s),x,x,,x
system.action.og_membership_remove_multiple_roles_action:labelRemove roles from the selected membership(s),Remove roles from the selected membership(s),x,x,,x
system.action.og_membership_remove_single_role_action.administrator:labelRemove the administrator role from the selected members,Remove the administrator role from the selected members,x,x,,x
system.action.og_membership_remove_single_role_action.community_affiliate:labelRemove the community_affiliate role from the selected members,Remove the community_affiliate role from the selected members,x,x,,x
system.action.og_membership_remove_single_role_action.community_manager:labelRemove the community_manager role from the selected members,Remove the community_manager role from the selected members,x,x,,x
system.action.og_membership_remove_single_role_action.community_member:labelRemove the community_member role from the selected members,Remove the community_member role from the selected members,x,x,,x
system.action.og_membership_remove_single_role_action.community_record_steward:labelRemove the community_record_steward role from the selected members,Remove the community_record_steward role from the selected members,x,x,,x
system.action.og_membership_remove_single_role_action.contributor:labelRemove the contributor role from the selected members,Remove the contributor role from the selected members,x,x,,x
system.action.og_membership_remove_single_role_action.curator:labelRemove the curator role from the selected members,Remove the curator role from the selected members,x,x,,x
system.action.og_membership_remove_single_role_action.language contributor:labelRemove the language contributor role from the selected members,Remove the language contributor role from the selected members,x,x,,x
system.action.og_membership_remove_single_role_action.language steward:labelRemove the language steward role from the selected members,Remove the language steward role from the selected members,x,x,,x
system.action.og_membership_remove_single_role_action.language_contributor:labelRemove the language_contributor role from the selected members,Remove the language_contributor role from the selected members,x,x,,x
system.action.og_membership_remove_single_role_action.language_steward:labelRemove the language_steward role from the selected members,Remove the language_steward role from the selected members,x,x,,x
system.action.og_membership_remove_single_role_action.protocol_affiliate:labelRemove the protocol_affiliate role from the selected members,Remove the protocol_affiliate role from the selected members,x,x,,x
system.action.og_membership_remove_single_role_action.protocol_member:labelRemove the protocol_member role from the selected members,Remove the protocol_member role from the selected members,x,x,,x
system.action.og_membership_remove_single_role_action.protocol_steward:labelRemove the protocol_steward role from the selected members,Remove the protocol_steward role from the selected members,x,x,,x
system.action.og_membership_unblock_action:labelUnblock the selected membership(s),Unblock the selected membership(s),x,x,,x
system.action.pathauto_update_alias_node:labelUpdate URL alias,Update URL alias,x,,,
system.action.pathauto_update_alias_user:labelUpdate URL alias,Update URL alias,x,,,
system.action.redirect_delete_action:labelDelete redirect,Delete redirect,x,,,
system.action.taxonomy_term_publish_action:labelPublish taxonomy term,Publish taxonomy term,x,x,,
system.action.taxonomy_term_unpublish_action:labelUnpublish taxonomy term,Unpublish taxonomy term,x,x,,
system.action.user_add_role_action.administrator:labelAdd the Administrator role to the selected user(s),Add the Administrator role to the selected user(s),x,,,x
system.action.user_add_role_action.mukurtu_manager:labelAdd the Mukurtu Manager role to the selected user(s),Add the Mukurtu Manager role to the selected user(s),x,,,x
system.action.user_block_user_action:labelBlock the selected user(s),Block the selected user(s),x,x,,
system.action.user_cancel_user_action:labelCancel the selected user account(s),Cancel the selected user account(s),x,x,,
system.action.user_remove_role_action.administrator:labelRemove the Administrator role from the selected user(s),Remove the Administrator role from the selected user(s),x,,,x
system.action.user_remove_role_action.mukurtu_manager:labelRemove the Mukurtu Manager role from the selected user(s),Remove the Mukurtu Manager role from the selected user(s),x,,,x
system.action.user_unblock_user_action:labelUnblock the selected user(s),Unblock the selected user(s),x,x,,
system.maintenance:message@site is currently under maintenance. We should be back shortly. Thank you for your patience.,@site is currently under maintenance. We should be back shortly. Thank you for your patience.,x,,,
system.menu.account:labelUser account menu,User account menu,x,x,x,
system.menu.account:descriptionLinks related to the active user account,Links related to the active user account,x,,,
system.menu.admin:labelAdministration,Administration,x,,,
system.menu.admin:descriptionAdministrative task links,Administrative task links,x,,,
"system.menu.dashboard-3Cs:labelCommunities, cultural protocols, categories","Communities, cultural protocols, categories",x,x,,x
"system.menu.dashboard-3Cs:descriptionManage communities, cultural protocols, and categories.","Manage communities, cultural protocols, and categories.",x,x,,x
system.menu.dashboard-content:labelContent,Content,x,x,,x
system.menu.dashboard-content:descriptionManage content.,Manage content.,x,x,,x
system.menu.dashboard-content-settings:labelContent settings,Content settings,x,,,x
system.menu.dashboard-content-settings:descriptionManage content settings.,Manage content settings.,x,,,x
system.menu.dashboard-look-feel:labelLook and feel,Look and feel,x,,,x
system.menu.dashboard-look-feel:descriptionManage support look and feel settings.,Manage support look and feel settings.,x,,,x
system.menu.dashboard-media:labelDashboard Media,Dashboard Media,x,x,,x
system.menu.dashboard-media:descriptionManage media.,Manage media.,x,x,,x
system.menu.dashboard-migration:labelMigration,Migration,x,,,x
system.menu.dashboard-migration:descriptionMigrate from Mukurtu 3.,Migrate from Mukurtu 3.,x,,,x
system.menu.dashboard-multilingual:labelMultilingual,Multilingual,x,,,x
system.menu.dashboard-multilingual:descriptionManage language and multilingual settings.,Manage language and multilingual settings.,x,,,x
system.menu.dashboard-my-content:labelMy content,My content,x,x,x,x
system.menu.dashboard-my-content:descriptionAccess users own content.,Access users own content.,x,x,x,x
system.menu.dashboard-roundtrip:labelRoundtrip,Roundtrip,x,x,,x
system.menu.dashboard-roundtrip:descriptionImport and export tools.,Import and export tools.,x,x,,x
system.menu.dashboard-site-info:labelSite information,Site information,x,x,,x
system.menu.dashboard-site-info:descriptionSite information.,Site information.,x,x,,x
system.menu.dashboard-site-settings:labelSite settings,Site settings,x,x,x,x
system.menu.dashboard-site-settings:descriptionBasic site settings and configuration.,Basic site settings and configuration.,x,,,x
system.menu.dashboard-taxonomies:labelTaxonomies,Taxonomies,x,x,,x
system.menu.dashboard-taxonomies:descriptionManage taxonomies.,Manage taxonomies.,x,x,,x
system.menu.dashboard-users:labelUsers,Users,x,x,,x
system.menu.dashboard-users:descriptionManage users and user settings.,Manage users and user settings.,x,x,,x
system.menu.devel:labelDevelopment,Development,x,,,
system.menu.devel:descriptionLinks related to Devel module.,Links related to Devel module.,x,,,
system.menu.footer:labelFooter,Footer,x,,,
system.menu.footer:descriptionSite information links,Site information links,x,,,
system.menu.main:labelMain navigation,Main navigation,x,,,
system.menu.main:descriptionSite section links,Site section links,x,,,
system.menu.mukurtu:labelMukurtu,Mukurtu,,,,
system.menu.tools:labelTools,Tools,x,,,
"system.menu.tools:descriptionUser tool links, often added by modules","User tool links, often added by modules",x,,,
system.site:nameMukurtu,Mukurtu,,,,
taxonomy.vocabulary.category:nameCategory,Category,x,x,x,x
taxonomy.vocabulary.category:descriptionThe cultural categories to which digital content refers. Associating content with one or more categories facilitates browsing.,The cultural categories to which digital content refers. Associating content with one or more categories facilitates browsing.,x,x,,x
taxonomy.vocabulary.community_type:nameCommunity Type,Community Type,x,x,x,x
taxonomy.vocabulary.contributor:nameContributor,Contributor,x,x,x,x
taxonomy.vocabulary.creator:nameCreator,Creator,x,x,x,x
taxonomy.vocabulary.format:nameFormat,Format,x,x,x,x
taxonomy.vocabulary.interpersonal_relationship:nameInterpersonal Relationship,Interpersonal Relationship,x,x,x,x
taxonomy.vocabulary.keywords:nameKeywords,Keywords,x,x,x,x
taxonomy.vocabulary.language:nameLanguage,Language,x,x,x,x
taxonomy.vocabulary.location:nameLocation,Location,x,x,x,x
taxonomy.vocabulary.media_tag:nameMedia Tag,Media Tag,x,x,x,x
taxonomy.vocabulary.media_tag:descriptionMedia tag vocabulary,Media tag vocabulary,x,x,x,x
taxonomy.vocabulary.people:namePeople,People,x,x,x,x
taxonomy.vocabulary.publisher:namePublisher,Publisher,x,x,x,x
taxonomy.vocabulary.subject:nameSubject,Subject,x,x,x,x
taxonomy.vocabulary.type:nameType,Type,x,x,x,x
taxonomy.vocabulary.word_type:nameWord Type,Word Type,x,x,x,x
user.mail:cancel_confirm:subjectAccount cancellation request for [user:display-name] at [site:name],Account cancellation request for [user:display-name] at [site:name],x,x,x,
"user.mail:cancel_confirm:body[user:display-name]

A request to cancel your account has been made at [site:name].

You may now cancel your account on [site:url-brief] by clicking this link or copying and pasting it into your browser:

[user:cancel-url]

NOTE: The cancellation of your account is not reversible.

This link expires in one day and nothing will happen if it is not used.

-- [site:name] team","[user:display-name]

A request to cancel your account has been made at [site:name].

You may now cancel your account on [site:url-brief] by clicking this link or copying and pasting it into your browser:

[user:cancel-url]

NOTE: The cancellation of your account is not reversible.

This link expires in one day and nothing will happen if it is not used.

-- [site:name] team",x,x,x,
user.mail:password_reset:subjectReplacement login information for [user:display-name] at [site:name],Replacement login information for [user:display-name] at [site:name],x,x,x,
"user.mail:password_reset:body[user:display-name],

A request to reset the password for your account has been made at [site:name].

You may now log in by clicking this link or copying and pasting it into your browser:

[user:one-time-login-url]

This link can only be used once to log in and will lead you to a page where you can set your password. It expires after one day and nothing will happen if it's not used.

-- [site:name] team","[user:display-name],

A request to reset the password for your account has been made at [site:name].

You may now log in by clicking this link or copying and pasting it into your browser:

[user:one-time-login-url]

This link can only be used once to log in and will lead you to a page where you can set your password. It expires after one day and nothing will happen if it's not used.

-- [site:name] team",x,x,x,
user.mail:register_admin_created:subjectAn administrator created an account for you at [site:name],An administrator created an account for you at [site:name],x,x,x,
"user.mail:register_admin_created:body[user:display-name],

A site administrator at [site:name] has created an account for you. You may now log in by clicking this link or copying and pasting it into your browser:

[user:one-time-login-url]

This link can only be used once to log in and will lead you to a page where you can set your password.

After setting your password, you will be able to log in at [site:login-url] in the future using:

username: [user:name]
password: Your password

-- [site:name] team","[user:display-name],

A site administrator at [site:name] has created an account for you. You may now log in by clicking this link or copying and pasting it into your browser:

[user:one-time-login-url]

This link can only be used once to log in and will lead you to a page where you can set your password.

After setting your password, you will be able to log in at [site:login-url] in the future using:

username: [user:name]
password: Your password

-- [site:name] team",x,x,x,
user.mail:register_no_approval_required:subjectAccount details for [user:display-name] at [site:name],Account details for [user:display-name] at [site:name],x,x,x,
"user.mail:register_no_approval_required:body[user:display-name],

Thank you for registering at [site:name]. You may now log in by clicking this link or copying and pasting it into your browser:

[user:one-time-login-url]

This link can only be used once to log in and will lead you to a page where you can set your password.

After setting your password, you will be able to log in at [site:login-url] in the future using:

username: [user:name]
password: Your password

-- [site:name] team","[user:display-name],

Thank you for registering at [site:name]. You may now log in by clicking this link or copying and pasting it into your browser:

[user:one-time-login-url]

This link can only be used once to log in and will lead you to a page where you can set your password.

After setting your password, you will be able to log in at [site:login-url] in the future using:

username: [user:name]
password: Your password

-- [site:name] team",x,x,x,
user.mail:register_pending_approval:subjectAccount details for [user:display-name] at [site:name] (pending admin approval),Account details for [user:display-name] at [site:name] (pending admin approval),x,x,x,
"user.mail:register_pending_approval:body[user:display-name],

Thank you for registering at [site:name]. Your application for an account is currently pending approval. Once it has been approved, you will receive another email containing information about how to log in, set your password, and other details.

-- [site:name] team","[user:display-name],

Thank you for registering at [site:name]. Your application for an account is currently pending approval. Once it has been approved, you will receive another email containing information about how to log in, set your password, and other details.

-- [site:name] team",x,x,x,
user.mail:register_pending_approval_admin:subjectAccount details for [user:display-name] at [site:name] (pending admin approval),Account details for [user:display-name] at [site:name] (pending admin approval),x,x,x,
"user.mail:register_pending_approval_admin:body[user:display-name] has applied for an account.

[user:edit-url]","[user:display-name] has applied for an account.

[user:edit-url]",x,x,x,
user.mail:status_activated:subjectAccount details for [user:display-name] at [site:name] (approved),Account details for [user:display-name] at [site:name] (approved),x,x,x,
"user.mail:status_activated:body[user:display-name],

Your account at [site:name] has been activated.

You may now log in by clicking this link or copying and pasting it into your browser:

[user:one-time-login-url]

This link can only be used once to log in and will lead you to a page where you can set your password.

After setting your password, you will be able to log in at [site:login-url] in the future using:

username: [user:account-name]
password: Your password

-- [site:name] team","[user:display-name],

Your account at [site:name] has been activated.

You may now log in by clicking this link or copying and pasting it into your browser:

[user:one-time-login-url]

This link can only be used once to log in and will lead you to a page where you can set your password.

After setting your password, you will be able to log in at [site:login-url] in the future using:

username: [user:account-name]
password: Your password

-- [site:name] team",x,x,x,
user.mail:status_blocked:subjectAccount details for [user:display-name] at [site:name] (blocked),Account details for [user:display-name] at [site:name] (blocked),x,x,x,
"user.mail:status_blocked:body[user:display-name],

Your account on [site:name] has been blocked.

-- [site:name] team","[user:display-name],

Your account on [site:name] has been blocked.

-- [site:name] team",x,x,x,
user.mail:status_canceled:subjectAccount details for [user:display-name] at [site:name] (canceled),Account details for [user:display-name] at [site:name] (canceled),x,x,x,
"user.mail:status_canceled:body[user:display-name],

Your account on [site:name] has been canceled.

-- [site:name] team","[user:display-name],

Your account on [site:name] has been canceled.

-- [site:name] team",x,x,x,
user.role.administrator:labelAdministrator,Administrator,x,,,
user.role.anonymous:labelVisitor,Visitor,x,x,x,
user.role.authenticated:labelAuthenticated user,Authenticated user,x,x,x,
user.role.mukurtu_manager:labelMukurtu Manager,Mukurtu Manager,x,,,
user.settings:anonymousAnonymous,Anonymous,x,x,x,
views.view.archive:labelArchive,Archive,x,,,
"views.view.archive:descriptionAll content, by month.","All content, by month.",x,,,
views.view.archive:display:default:display_titleDefault,Default,x,,,
views.view.archive:display:default:display_options:titleMonthly archive,Monthly archive,x,,,
views.view.archive:display:default:display_options:pager:options:expose:items_per_page_labelItems per page,Items per page,x,,,
views.view.archive:display:default:display_options:pager:options:expose:items_per_page_options_all_label- All -,- All -,x,,,
views.view.archive:display:default:display_options:pager:options:expose:offset_labelOffset,Offset,x,,,
views.view.archive:display:default:display_options:exposed_form:options:submit_buttonApply,Apply,x,,,
views.view.archive:display:default:display_options:exposed_form:options:reset_button_labelReset,Reset,x,,,
views.view.archive:display:default:display_options:exposed_form:options:exposed_sorts_labelSort by,Sort by,x,,,
views.view.archive:display:default:display_options:exposed_form:options:sort_asc_labelAsc,Asc,x,,,
views.view.archive:display:default:display_options:exposed_form:options:sort_desc_labelDesc,Desc,x,,,
views.view.archive:display:default:display_options:arguments:created_year_month:title{{ arguments.created_year_month }},{{ arguments.created_year_month }},x,,,
views.view.archive:display:block_1:display_titleBlock,Block,x,,,
views.view.archive:display:block_1:display_options:arguments:created_year_month:title{{ arguments.created_year_month }},{{ arguments.created_year_month }},x,,,
views.view.archive:display:page_1:display_titlePage,Page,x,,,
views.view.block_content:labelContent blocks,Content blocks,x,,,
views.view.block_content:descriptionFind and manage content blocks.,Find and manage content blocks.,x,,,
views.view.block_content:display:default:display_titleDefault,Default,x,,,
views.view.block_content:display:default:display_options:titleContent blocks,Content blocks,x,,,
views.view.block_content:display:default:display_options:fields:info:labelBlock description,Block description,x,,,
views.view.block_content:display:default:display_options:fields:type:labelBlock type,Block type,x,,,
views.view.block_content:display:default:display_options:fields:changed:labelUpdated,Updated,x,,,
views.view.block_content:display:default:display_options:fields:operations:labelOperations,Operations,x,,,
views.view.block_content:display:default:display_options:pager:options:tags:nextNext ›,Next ›,x,,,
views.view.block_content:display:default:display_options:pager:options:tags:previous‹ Previous,‹ Previous,x,,,
views.view.block_content:display:default:display_options:pager:options:expose:items_per_page_labelItems per page,Items per page,x,,,
views.view.block_content:display:default:display_options:pager:options:expose:items_per_page_options_all_label- All -,- All -,x,,,
views.view.block_content:display:default:display_options:pager:options:expose:offset_labelOffset,Offset,x,,,
views.view.block_content:display:default:display_options:exposed_form:options:submit_buttonApply,Apply,x,,,
views.view.block_content:display:default:display_options:exposed_form:options:reset_button_labelReset,Reset,x,,,
views.view.block_content:display:default:display_options:exposed_form:options:exposed_sorts_labelSort by,Sort by,x,,,
views.view.block_content:display:default:display_options:exposed_form:options:sort_asc_labelAsc,Asc,,,,
views.view.block_content:display:default:display_options:exposed_form:options:sort_desc_labelDesc,Desc,,,,
views.view.block_content:display:default:display_options:empty:area_text_custom:contentThere are no content blocks available.,There are no content blocks available.,x,,,
views.view.block_content:display:default:display_options:filters:info:expose:labelBlock description,Block description,x,,,
views.view.block_content:display:default:display_options:filters:type:expose:labelBlock type,Block type,x,,,
views.view.block_content:display:page_1:display_titlePage,Page,x,,,
views.view.block_content:display:page_1:display_options:menu:titleBlocks,Blocks,x,,,
views.view.block_content:display:page_1:display_options:menu:descriptionCreate and edit content blocks.,Create and edit content blocks.,x,,,
views.view.browse_by_community:labelBrowse by Community,Browse by Community,x,,,
views.view.browse_by_community:display:default:display_titleDefault,Default,,,,
views.view.browse_by_community:display:default:display_options:titleBrowse by Community,Browse by Community,x,x,x,
views.view.browse_by_community:display:default:display_options:pager:options:tags:nextNext ›,Next ›,x,x,x,
views.view.browse_by_community:display:default:display_options:pager:options:tags:previous‹ Previous,‹ Previous,x,x,x,
views.view.browse_by_community:display:default:display_options:pager:options:tags:first« First,« First,x,x,x,
views.view.browse_by_community:display:default:display_options:pager:options:tags:lastLast »,Last »,x,x,x,
views.view.browse_by_community:display:default:display_options:pager:options:expose:items_per_page_labelItems per page,Items per page,x,x,x,
views.view.browse_by_community:display:default:display_options:pager:options:expose:items_per_page_options_all_label- All -,- All -,x,x,x,
views.view.browse_by_community:display:default:display_options:pager:options:expose:offset_labelOffset,Offset,,,,
views.view.browse_by_community:display:default:display_options:exposed_form:options:submit_buttonApply,Apply,,,,
views.view.browse_by_community:display:default:display_options:exposed_form:options:reset_button_labelReset,Reset,,,,
views.view.browse_by_community:display:default:display_options:exposed_form:options:exposed_sorts_labelSort by,Sort by,,,,
views.view.browse_by_community:display:default:display_options:exposed_form:options:sort_asc_labelAsc,Asc,,,,
views.view.browse_by_community:display:default:display_options:exposed_form:options:sort_desc_labelDesc,Desc,,,,
views.view.browse_by_community:display:community_browse_block:display_titleBlock,Block,x,x,x,
views.view.comment:labelComments,Comments,x,x,x,
views.view.comment:descriptionFind and manage comments.,Find and manage comments.,x,x,,
views.view.comment:display:default:display_titleDefault,Default,x,x,,
views.view.comment:display:default:display_options:titleComments,Comments,x,x,x,
views.view.comment:display:default:display_options:fields:comment_bulk_form:action_titleAction,Action,,,,
views.view.comment:display:default:display_options:fields:subject:labelSubject,Subject,x,x,x,
views.view.comment:display:default:display_options:fields:name:labelAuthor,Author,x,x,x,
views.view.comment:display:default:display_options:fields:entity_id:labelPosted in,Posted in,x,x,,
views.view.comment:display:default:display_options:fields:changed:labelUpdated,Updated,x,x,,
views.view.comment:display:default:display_options:fields:operations:labelOperations,Operations,,,,
views.view.comment:display:default:display_options:pager:options:tags:nextnext ›,next ›,x,x,x,
views.view.comment:display:default:display_options:pager:options:tags:previous‹ previous,‹ previous,x,x,x,
views.view.comment:display:default:display_options:pager:options:tags:first« first,« first,x,x,x,
views.view.comment:display:default:display_options:pager:options:tags:lastlast »,last »,x,x,x,
views.view.comment:display:default:display_options:pager:options:expose:items_per_page_labelItems per page,Items per page,x,x,x,
views.view.comment:display:default:display_options:pager:options:expose:items_per_page_options_all_label- All -,- All -,x,x,x,
views.view.comment:display:default:display_options:pager:options:expose:offset_labelOffset,Offset,,,,
views.view.comment:display:default:display_options:exposed_form:options:submit_buttonFilter,Filter,x,x,x,
views.view.comment:display:default:display_options:exposed_form:options:reset_button_labelReset,Reset,x,x,x,
views.view.comment:display:default:display_options:exposed_form:options:exposed_sorts_labelSort by,Sort by,x,x,x,
views.view.comment:display:default:display_options:exposed_form:options:sort_asc_labelAsc,Asc,,,,
views.view.comment:display:default:display_options:exposed_form:options:sort_desc_labelDesc,Desc,,,,
views.view.comment:display:default:display_options:empty:area_text_custom:contentNo comments available.,No comments available.,x,x,x,
views.view.comment:display:default:display_options:filters:subject:expose:labelSubject,Subject,x,x,x,
views.view.comment:display:default:display_options:filters:combine:expose:labelAuthor name,Author name,x,x,x,
views.view.comment:display:default:display_options:filters:langcode:expose:labelLanguage,Language,x,x,,
views.view.comment:display:default:display_options:use_more_textmore,more,x,x,,
views.view.comment:display:page_published:display_titlePublished comments,Published comments,x,x,,
views.view.comment:display:page_published:display_options:display_descriptionThe approved comments listing.,The approved comments listing.,x,x,,
views.view.comment:display:page_published:display_options:menu:titleComments,Comments,x,x,x,
views.view.comment:display:page_published:display_options:menu:descriptionComments published,Comments published,x,x,x,
views.view.comment:display:page_unapproved:display_titleUnapproved comments,Unapproved comments,x,x,x,
views.view.comment:display:page_unapproved:display_options:fields:comment_bulk_form:action_titleAction,Action,,,,
views.view.comment:display:page_unapproved:display_options:fields:subject:labelSubject,Subject,x,x,,
views.view.comment:display:page_unapproved:display_options:fields:name:labelAuthor,Author,x,x,,
views.view.comment:display:page_unapproved:display_options:fields:entity_id:labelPosted in,Posted in,x,x,,
views.view.comment:display:page_unapproved:display_options:fields:changed:labelUpdated,Updated,x,x,,
views.view.comment:display:page_unapproved:display_options:fields:operations:labelOperations,Operations,,,,
views.view.comment:display:page_unapproved:display_options:filters:subject:expose:labelSubject,Subject,x,x,,
views.view.comment:display:page_unapproved:display_options:filters:combine:expose:labelAuthor Name,Author Name,x,x,,
views.view.comment:display:page_unapproved:display_options:filters:langcode:expose:labelLanguage,Language,x,x,,
views.view.comment:display:page_unapproved:display_options:display_descriptionThe unapproved comments listing.,The unapproved comments listing.,x,x,,
views.view.comment:display:page_unapproved:display_options:menu:titleUnapproved comments,Unapproved comments,x,x,,
views.view.comment:display:page_unapproved:display_options:menu:descriptionComments unapproved,Comments unapproved,x,x,,
views.view.comments_recent:labelRecent comments,Recent comments,x,x,x,
views.view.comments_recent:descriptionRecent comments.,Recent comments.,x,x,x,
views.view.comments_recent:display:default:display_titleDefault,Default,x,x,,
views.view.comments_recent:display:default:display_options:titleRecent comments,Recent comments,x,x,,
views.view.comments_recent:display:default:display_options:fields:changed:settings:future_format@interval hence,@interval hence,,,,
views.view.comments_recent:display:default:display_options:fields:changed:settings:past_format@interval ago,@interval ago,,,,
views.view.comments_recent:display:default:display_options:empty:area_text_custom:contentNo comments available.,No comments available.,x,x,x,
views.view.comments_recent:display:block_1:display_titleBlock,Block,x,,,
views.view.comments_recent:display:block_1:display_options:block_descriptionRecent comments,Recent comments,x,x,x,
views.view.comments_recent:display:block_1:display_options:block_categoryLists (Views),Lists (Views),x,,,
views.view.content:labelContent,Content,x,x,,
views.view.content:descriptionFind and manage content.,Find and manage content.,x,x,,
views.view.content:display:default:display_titleDefault,Default,x,x,,
views.view.content:display:default:display_options:titleContent,Content,x,x,,
views.view.content:display:default:display_options:fields:title:labelTitle,Title,x,x,x,
views.view.content:display:default:display_options:fields:type:labelContent type,Content type,x,x,,
views.view.content:display:default:display_options:fields:name:labelAuthor,Author,x,x,,
views.view.content:display:default:display_options:fields:status:labelStatus,Status,x,x,,
views.view.content:display:default:display_options:fields:status:settings:format_custom_falseUnpublished,Unpublished,x,x,,
views.view.content:display:default:display_options:fields:status:settings:format_custom_truePublished,Published,x,x,,
views.view.content:display:default:display_options:fields:changed:labelUpdated,Updated,x,x,,
views.view.content:display:default:display_options:fields:langcode:labelLanguage,Language,x,x,,
views.view.content:display:default:display_options:fields:operations:labelOperations,Operations,x,x,,
views.view.content:display:default:display_options:pager:options:tags:nextNext ›,Next ›,x,x,x,
views.view.content:display:default:display_options:pager:options:tags:previous‹ Previous,‹ Previous,x,x,x,
views.view.content:display:default:display_options:pager:options:tags:first« First,« First,x,x,x,
views.view.content:display:default:display_options:pager:options:tags:lastLast »,Last »,x,x,x,
views.view.content:display:default:display_options:exposed_form:options:submit_buttonFilter,Filter,x,x,x,
views.view.content:display:default:display_options:exposed_form:options:reset_button_labelReset,Reset,x,x,x,
views.view.content:display:default:display_options:exposed_form:options:exposed_sorts_labelSort by,Sort by,x,x,x,
views.view.content:display:default:display_options:exposed_form:options:sort_asc_labelAsc,Asc,,,,
views.view.content:display:default:display_options:exposed_form:options:sort_desc_labelDesc,Desc,,,,
views.view.content:display:default:display_options:empty:area_text_custom:contentNo content available.,No content available.,x,x,x,
views.view.content:display:default:display_options:filters:title:expose:labelTitle,Title,x,x,x,
views.view.content:display:default:display_options:filters:type:expose:labelContent type,Content type,x,x,,
views.view.content:display:default:display_options:filters:status:expose:labelStatus,Status,x,x,x,
views.view.content:display:default:display_options:filters:status:group_info:labelPublished status,Published status,x,x,,
views.view.content:display:default:display_options:filters:status:group_info:group_items:1:titlePublished,Published,x,x,,
views.view.content:display:default:display_options:filters:status:group_info:group_items:2:titleUnpublished,Unpublished,x,x,,
views.view.content:display:default:display_options:filters:langcode:expose:labelLanguage,Language,x,x,x,
views.view.content:display:page_1:display_titlePage,Page,x,x,x,
views.view.content:display:page_1:display_options:menu:titleContent,Content,x,x,x,
views.view.content:display:page_1:display_options:tab_options:titleContent,Content,x,x,x,
views.view.content:display:page_1:display_options:tab_options:descriptionFind and manage content,Find and manage content,x,x,,
views.view.content_recent:labelRecent content,Recent content,x,x,x,
views.view.content_recent:descriptionRecent content.,Recent content.,x,x,x,
views.view.content_recent:display:default:display_titleDefault,Default,x,x,,
views.view.content_recent:display:default:display_options:titleRecent content,Recent content,x,x,x,
views.view.content_recent:display:default:display_options:exposed_form:options:submit_buttonApply,Apply,x,x,,
views.view.content_recent:display:default:display_options:exposed_form:options:reset_button_labelReset,Reset,x,x,,
views.view.content_recent:display:default:display_options:exposed_form:options:exposed_sorts_labelSort by,Sort by,x,x,,
views.view.content_recent:display:default:display_options:exposed_form:options:sort_asc_labelAsc,Asc,,,,
views.view.content_recent:display:default:display_options:exposed_form:options:sort_desc_labelDesc,Desc,,,,
views.view.content_recent:display:default:display_options:empty:area_text_custom:contentNo content available.,No content available.,x,x,x,
views.view.content_recent:display:default:display_options:use_more_textMore,More,x,x,x,
views.view.content_recent:display:block_1:display_titleBlock,Block,x,,,
views.view.export_list_content:labelExport List: Content,Export List: Content,x,x,,
views.view.export_list_content:display:default:display_titleDefault,Default,,,,
views.view.export_list_content:display:default:display_options:titleContent Selected for Export,Content Selected for Export,x,x,,
views.view.export_list_content:display:default:display_options:fields:views_bulk_operations_bulk_form:labelViews bulk operations,Views bulk operations,x,,,
views.view.export_list_content:display:default:display_options:fields:views_bulk_operations_bulk_form:selected_actions:0:preconfiguration:label_overrideRemove,Remove,x,,,
views.view.export_list_content:display:default:display_options:fields:title:labelTitle,Title,x,x,x,
views.view.export_list_content:display:default:display_options:fields:field_content_type:labelContent Type,Content Type,x,x,,
views.view.export_list_content:display:default:display_options:fields:entity_uid:labelAuthored by,Authored by,x,x,,
views.view.export_list_content:display:default:display_options:pager:options:tags:nextNext ›,Next ›,x,x,,
views.view.export_list_content:display:default:display_options:pager:options:tags:previous‹ Previous,‹ Previous,x,x,,
views.view.export_list_content:display:default:display_options:pager:options:tags:first« First,« First,x,x,,
views.view.export_list_content:display:default:display_options:pager:options:tags:lastLast »,Last »,x,x,,
views.view.export_list_content:display:default:display_options:pager:options:expose:items_per_page_labelItems per page,Items per page,x,x,,
views.view.export_list_content:display:default:display_options:pager:options:expose:items_per_page_options_all_label- All -,- All -,x,x,,
views.view.export_list_content:display:default:display_options:pager:options:expose:offset_labelOffset,Offset,,,,
views.view.export_list_content:display:default:display_options:exposed_form:options:submit_buttonSearch,Search,x,x,x,
views.view.export_list_content:display:default:display_options:exposed_form:options:reset_button_labelReset,Reset,,,,
views.view.export_list_content:display:default:display_options:exposed_form:options:exposed_sorts_labelSort by,Sort by,x,x,x,
views.view.export_list_content:display:default:display_options:exposed_form:options:sort_asc_labelAsc,Asc,,,,
views.view.export_list_content:display:default:display_options:exposed_form:options:sort_desc_labelDesc,Desc,,,,
views.view.export_list_content:display:default:display_options:arguments:uid:exception:titleAll,All,x,x,x,
views.view.export_list_content:display:default:display_options:filters:search_api_fulltext:expose:labelSearch,Search,x,x,x,
"views.view.export_list_content:display:default:display_options:footer:area:content:value<a href=""/admin/export/content"">View Content Export List</a>","<a href=""/admin/export/content"">View Content Export List</a>",x,x,,
views.view.export_list_content:display:export_content_list_block:display_titleBlock,Block,,,,
views.view.export_list_content:display:export_content_list_block:display_options:fields:title:labelTitle,Title,x,x,,
views.view.export_list_content:display:export_content_list_block:display_options:fields:field_content_type:labelContent Type,Content Type,x,x,,
views.view.export_list_content:display:export_content_list_block:display_options:fields:entity_uid:labelAuthored by,Authored by,x,x,,
views.view.export_list_content:display:export_content_list_block:display_options:header:result:contentDisplaying @start - @end of @total content items selected for export.,Displaying @start - @end of @total content items selected for export.,x,x,,
"views.view.export_list_content:display:export_content_list_block:display_options:footer:area:content:value<a href=""/admin/export/content"">{{ 'View the full content export list'|t }}</a>","<a href=""/admin/export/content"">{{ 'View the full content export list'|t }}</a>",x,x,,
views.view.export_list_content:display:page:display_titlePage,Page,x,x,,
"views.view.export_list_content:display:page:display_options:header:area:content:value<a href=""/admin/export"">{{ 'Return to Export'|t }}</a>","<a href=""/admin/export"">{{ 'Return to Export'|t }}</a>",x,x,,
"views.view.export_list_content:display:page:display_options:footer:area:content:value<a href=""/admin/export"">{{ 'Return to Export'|t }}</a>","<a href=""/admin/export"">{{ 'Return to Export'|t }}</a>",x,x,,
views.view.export_list_media:labelExport List: Media,Export List: Media,x,x,,
views.view.export_list_media:display:default:display_titleDefault,Default,x,x,,
views.view.export_list_media:display:default:display_options:titleExport List: Media,Export List: Media,x,x,,
views.view.export_list_media:display:default:display_options:fields:name:labelName,Name,x,x,,
views.view.export_list_media:display:default:display_options:fields:type:labelMedia Type,Media Type,x,x,,
views.view.export_list_media:display:default:display_options:fields:entity_uid:labelAuthored by,Authored by,x,x,,
views.view.export_list_media:display:default:display_options:exposed_form:options:submit_buttonApply,Apply,x,x,,
views.view.export_list_media:display:default:display_options:exposed_form:options:reset_button_labelReset,Reset,x,x,,
views.view.export_list_media:display:default:display_options:exposed_form:options:exposed_sorts_labelSort by,Sort by,x,x,,
views.view.export_list_media:display:default:display_options:exposed_form:options:sort_asc_labelAsc,Asc,,,,
views.view.export_list_media:display:default:display_options:exposed_form:options:sort_desc_labelDesc,Desc,,,,
views.view.export_list_media:display:default:display_options:arguments:uid:exception:titleAll,All,x,x,,
views.view.export_list_media:display:default:display_options:header:result:contentDisplaying @start - @end of @total media items selected for export.,Displaying @start - @end of @total media items selected for export.,x,x,,
"views.view.export_list_media:display:default:display_options:footer:area:content:value<a href=""/admin/export/media"">{{ 'View the full media export list'|t }}</a>","<a href=""/admin/export/media"">{{ 'View the full media export list'|t }}</a>",x,x,,
views.view.export_list_media:display:export_media_list_block:display_titleBlock,Block,x,x,,
views.view.export_list_media:display:page:display_titlePage,Page,x,x,,
views.view.export_list_media:display:page:display_options:fields:views_bulk_operations_bulk_form:labelViews bulk operations,Views bulk operations,x,x,,
views.view.export_list_media:display:page:display_options:fields:views_bulk_operations_bulk_form:selected_actions:0:preconfiguration:label_overrideRemove,Remove,x,x,,
views.view.export_list_media:display:page:display_options:fields:name:labelName,Name,x,x,,
views.view.export_list_media:display:page:display_options:fields:type:labelMedia Type,Media Type,x,x,,
views.view.export_list_media:display:page:display_options:fields:entity_uid:labelAuthored by,Authored by,x,x,,
views.view.export_list_media:display:page:display_options:pager:options:tags:nextNext ›,Next ›,x,x,,
views.view.export_list_media:display:page:display_options:pager:options:tags:previous‹ Previous,‹ Previous,x,x,,
views.view.export_list_media:display:page:display_options:pager:options:tags:first« First,« First,x,x,,
views.view.export_list_media:display:page:display_options:pager:options:tags:lastLast »,Last »,x,x,,
views.view.export_list_media:display:page:display_options:pager:options:expose:items_per_page_labelItems per page,Items per page,x,x,,
views.view.export_list_media:display:page:display_options:pager:options:expose:items_per_page_options_all_label- All -,- All -,x,x,,
views.view.export_list_media:display:page:display_options:pager:options:expose:offset_labelOffset,Offset,,,,
views.view.export_list_media:display:page:display_options:filters:search_api_fulltext:expose:labelSearch,Search,x,x,,
"views.view.export_list_media:display:page:display_options:header:area:content:value<a href=""/admin/export"">{{ 'Return to Export'|t }}</a>","<a href=""/admin/export"">{{ 'Return to Export'|t }}</a>",x,x,,
"views.view.export_list_media:display:page:display_options:footer:area:content:value<a href=""/admin/export"">{{ 'Return to Export'|t }}</a>","<a href=""/admin/export"">{{ 'Return to Export'|t }}</a>",x,x,,
views.view.files:labelFiles,Files,,,,
views.view.files:descriptionFind and manage files.,Find and manage files.,,,,
views.view.files:display:default:display_titleDefault,Default,,,,
views.view.files:display:default:display_options:titleFiles,Files,,,,
views.view.files:display:default:display_options:fields:fid:labelFid,Fid,,,,
views.view.files:display:default:display_options:fields:filename:labelName,Name,,,,
views.view.files:display:default:display_options:fields:filemime:labelMIME type,MIME type,,,,
views.view.files:display:default:display_options:fields:filesize:labelSize,Size,,,,
views.view.files:display:default:display_options:fields:status:labelStatus,Status,,,,
views.view.files:display:default:display_options:fields:status:settings:format_custom_falseTemporary,Temporary,,,,
views.view.files:display:default:display_options:fields:status:settings:format_custom_truePermanent,Permanent,,,,
views.view.files:display:default:display_options:fields:created:labelUpload date,Upload date,,,,
views.view.files:display:default:display_options:fields:changed:labelChanged date,Changed date,,,,
views.view.files:display:default:display_options:fields:count:labelUsed in,Used in,,,,
views.view.files:display:default:display_options:fields:count:alter:pathadmin/content/files/usage/{{ fid }},admin/content/files/usage/{{ fid }},,,,
views.view.files:display:default:display_options:fields:count:format_plural_string@count place\003@count places,@count place\003@count places,,,,
views.view.files:display:default:display_options:fields:operations:labelOperations,Operations,,,,
views.view.files:display:default:display_options:pager:options:tags:nextNext ›,Next ›,,,,
views.view.files:display:default:display_options:pager:options:tags:previous‹ Previous,‹ Previous,,,,
views.view.files:display:default:display_options:pager:options:expose:items_per_page_labelItems per page,Items per page,,,,
views.view.files:display:default:display_options:pager:options:expose:items_per_page_options_all_label- All -,- All -,,,,
views.view.files:display:default:display_options:pager:options:expose:offset_labelOffset,Offset,,,,
views.view.files:display:default:display_options:exposed_form:options:submit_buttonFilter,Filter,,,,
views.view.files:display:default:display_options:exposed_form:options:reset_button_labelReset,Reset,,,,
views.view.files:display:default:display_options:exposed_form:options:exposed_sorts_labelSort by,Sort by,,,,
views.view.files:display:default:display_options:exposed_form:options:sort_asc_labelAsc,Asc,,,,
views.view.files:display:default:display_options:exposed_form:options:sort_desc_labelDesc,Desc,,,,
views.view.files:display:default:display_options:empty:area_text_custom:contentNo files available.,No files available.,,,,
views.view.files:display:default:display_options:filters:filename:expose:labelFilename,Filename,,,,
views.view.files:display:default:display_options:filters:filemime:expose:labelMIME type,MIME type,,,,
views.view.files:display:default:display_options:filters:status:expose:labelStatus,Status,,,,
views.view.files:display:page_1:display_titleFiles overview,Files overview,,,,
views.view.files:display:page_1:display_options:menu:titleFiles,Files,,,,
views.view.files:display:page_2:display_titleFile usage,File usage,,,,
views.view.files:display:page_2:display_options:titleFile usage,File usage,,,,
views.view.files:display:page_2:display_options:fields:entity_label:labelEntity,Entity,,,,
views.view.files:display:page_2:display_options:fields:type:labelEntity type,Entity type,,,,
views.view.files:display:page_2:display_options:fields:module:labelRegistering module,Registering module,,,,
views.view.files:display:page_2:display_options:fields:count:labelUse count,Use count,,,,
views.view.files:display:page_2:display_options:fields:count:format_plural_string1\003@count,1\003@count,,,,
views.view.files:display:page_2:display_options:pager:options:tags:nextNext ›,Next ›,,,,
views.view.files:display:page_2:display_options:pager:options:tags:previous‹ Previous,‹ Previous,,,,
views.view.files:display:page_2:display_options:pager:options:expose:items_per_page_labelItems per page,Items per page,,,,
views.view.files:display:page_2:display_options:pager:options:expose:items_per_page_options_all_label- All -,- All -,,,,
views.view.files:display:page_2:display_options:pager:options:expose:offset_labelOffset,Offset,,,,
views.view.files:display:page_2:display_options:arguments:fid:exception:titleAll,All,,,,
views.view.files:display:page_2:display_options:arguments:fid:titleFile usage information for {{ arguments.fid }},File usage information for {{ arguments.fid }},,,,
views.view.frontpage:labelFrontpage,Frontpage,x,,,
views.view.frontpage:descriptionAll content promoted to the front page.,All content promoted to the front page.,x,,,
views.view.frontpage:display:default:display_titleDefault,Default,x,x,x,
views.view.frontpage:display:default:display_options:pager:options:tags:nextNext ›,Next ›,x,x,x,
views.view.frontpage:display:default:display_options:pager:options:tags:previous‹ Previous,‹ Previous,x,x,x,
views.view.frontpage:display:default:display_options:pager:options:tags:first« First,« First,x,x,x,
views.view.frontpage:display:default:display_options:pager:options:tags:lastLast »,Last »,x,x,x,
views.view.frontpage:display:default:display_options:pager:options:expose:items_per_page_labelItems per page,Items per page,x,x,x,
views.view.frontpage:display:default:display_options:pager:options:expose:items_per_page_options_all_label- All -,- All -,x,x,x,
views.view.frontpage:display:default:display_options:pager:options:expose:offset_labelOffset,Offset,,,,
views.view.frontpage:display:default:display_options:exposed_form:options:submit_buttonApply,Apply,x,,,
views.view.frontpage:display:default:display_options:exposed_form:options:reset_button_labelReset,Reset,x,,,
views.view.frontpage:display:default:display_options:exposed_form:options:exposed_sorts_labelSort by,Sort by,x,,,
views.view.frontpage:display:default:display_options:exposed_form:options:sort_asc_labelAsc,Asc,,,,
views.view.frontpage:display:default:display_options:exposed_form:options:sort_desc_labelDesc,Desc,,,,
"views.view.frontpage:display:default:display_options:empty:area_text_custom:contentNo front page content has been created yet.<br/>Follow the <a target=""_blank"" href=""https://www.drupal.org/docs/user_guide/en/index.html"">User Guide</a> to start building your site.","No front page content has been created yet.<br/>Follow the <a target=""_blank"" href=""https://www.drupal.org/docs/user_guide/en/index.html"">User Guide</a> to start building your site.",x,,,
views.view.frontpage:display:default:display_options:empty:title:titleWelcome!,Welcome!,x,x,x,
views.view.frontpage:display:feed_1:display_titleFeed,Feed,,,,
views.view.frontpage:display:page_1:display_titlePage,Page,x,x,,
views.view.glossary:labelGlossary,Glossary,x,x,x,
"views.view.glossary:descriptionAll content, by letter.","All content, by letter.",x,x,x,
views.view.glossary:display:default:display_titleDefault,Default,x,x,x,
views.view.glossary:display:default:display_options:fields:title:labelTitle,Title,x,x,x,
views.view.glossary:display:default:display_options:fields:name:labelAuthor,Author,x,x,,
views.view.glossary:display:default:display_options:fields:changed:labelLast update,Last update,x,x,,
views.view.glossary:display:default:display_options:pager:options:expose:items_per_page_labelItems per page,Items per page,x,x,,
views.view.glossary:display:default:display_options:pager:options:expose:items_per_page_options_all_label- All -,- All -,x,x,,
views.view.glossary:display:default:display_options:pager:options:expose:offset_labelOffset,Offset,x,x,,
views.view.glossary:display:default:display_options:exposed_form:options:submit_buttonApply,Apply,x,x,,
views.view.glossary:display:default:display_options:exposed_form:options:reset_button_labelReset,Reset,x,x,,
views.view.glossary:display:default:display_options:exposed_form:options:exposed_sorts_labelSort by,Sort by,x,x,,
views.view.glossary:display:default:display_options:exposed_form:options:sort_asc_labelAsc,Asc,,,,
views.view.glossary:display:default:display_options:exposed_form:options:sort_desc_labelDesc,Desc,,,,
views.view.glossary:display:attachment_1:display_titleAttachment,Attachment,,,,
views.view.glossary:display:page_1:display_titlePage,Page,x,x,,
views.view.glossary:display:page_1:display_options:menu:titleGlossary,Glossary,x,x,x,
views.view.media:labelMedia,Media,x,x,,
views.view.media:descriptionFind and manage media.,Find and manage media.,x,x,,
views.view.media:display:default:display_titleDefault,Default,x,x,,
views.view.media:display:default:display_options:titleMedia,Media,x,x,,
views.view.media:display:default:display_options:fields:media_bulk_form:action_titleAction,Action,x,x,,
views.view.media:display:default:display_options:fields:thumbnail__target_id:labelThumbnail,Thumbnail,x,x,,
views.view.media:display:default:display_options:fields:name:labelMedia name,Media name,x,x,,
views.view.media:display:default:display_options:fields:bundle:labelType,Type,x,x,,
views.view.media:display:default:display_options:fields:uid:labelAuthor,Author,x,x,,
views.view.media:display:default:display_options:fields:status:labelStatus,Status,x,x,,
views.view.media:display:default:display_options:fields:status:settings:format_custom_falseUnpublished,Unpublished,x,x,,
views.view.media:display:default:display_options:fields:status:settings:format_custom_truePublished,Published,x,x,,
views.view.media:display:default:display_options:fields:changed:labelUpdated,Updated,x,x,,
views.view.media:display:default:display_options:fields:operations:labelOperations,Operations,,,,
views.view.media:display:default:display_options:pager:options:tags:nextNext ›,Next ›,x,x,,
views.view.media:display:default:display_options:pager:options:tags:previous‹ Previous,‹ Previous,x,x,,
views.view.media:display:default:display_options:pager:options:tags:first« First,« First,x,x,,
views.view.media:display:default:display_options:pager:options:tags:lastLast »,Last »,x,x,,
views.view.media:display:default:display_options:pager:options:expose:items_per_page_labelItems per page,Items per page,x,x,,
views.view.media:display:default:display_options:pager:options:expose:items_per_page_options_all_label- All -,- All -,x,x,,
views.view.media:display:default:display_options:pager:options:expose:offset_labelOffset,Offset,,,,
views.view.media:display:default:display_options:exposed_form:options:submit_buttonFilter,Filter,x,x,,
views.view.media:display:default:display_options:exposed_form:options:reset_button_labelReset,Reset,x,x,,
views.view.media:display:default:display_options:exposed_form:options:exposed_sorts_labelSort by,Sort by,x,x,,
views.view.media:display:default:display_options:exposed_form:options:sort_asc_labelAsc,Asc,,,,
views.view.media:display:default:display_options:exposed_form:options:sort_desc_labelDesc,Desc,,,,
views.view.media:display:default:display_options:empty:area_text_custom:contentNo media available.,No media available.,x,x,,
views.view.media:display:default:display_options:filters:name:expose:labelMedia name,Media name,x,x,,
views.view.media:display:default:display_options:filters:bundle:expose:labelType,Type,x,x,,
views.view.media:display:default:display_options:filters:status:expose:labelTrue,TRUE,x,x,,
views.view.media:display:default:display_options:filters:status:group_info:labelPublished status,Published status,x,x,,
views.view.media:display:default:display_options:filters:status:group_info:group_items:1:titlePublished,Published,x,x,,
views.view.media:display:default:display_options:filters:status:group_info:group_items:2:titleUnpublished,Unpublished,x,x,,
views.view.media:display:default:display_options:filters:langcode:expose:labelLanguage,Language,x,x,,
views.view.media:display:media_page_list:display_titleMedia,Media,x,x,,
views.view.media:display:media_page_list:display_options:menu:titleMedia,Media,x,x,,
views.view.media_library:labelMedia library,Media library,x,x,,
views.view.media_library:descriptionFind and manage media.,Find and manage media.,x,x,,
views.view.media_library:display:default:display_titleDefault,Default,x,x,,
views.view.media_library:display:default:display_options:titleMedia,Media,x,x,,
views.view.media_library:display:default:display_options:fields:media_bulk_form:action_titleAction,Action,x,x,,
views.view.media_library:display:default:display_options:pager:options:expose:items_per_page_labelItems per page,Items per page,x,x,,
views.view.media_library:display:default:display_options:pager:options:expose:items_per_page_options_all_label- All -,- All -,x,x,,
views.view.media_library:display:default:display_options:pager:options:expose:offset_labelOffset,Offset,x,x,,
views.view.media_library:display:default:display_options:exposed_form:options:submit_buttonApply filters,Apply filters,x,x,,
views.view.media_library:display:default:display_options:exposed_form:options:reset_button_labelReset,Reset,x,x,,
views.view.media_library:display:default:display_options:exposed_form:options:exposed_sorts_labelSort by,Sort by,x,x,,
views.view.media_library:display:default:display_options:exposed_form:options:sort_asc_labelAsc,Asc,,,,
views.view.media_library:display:default:display_options:exposed_form:options:sort_desc_labelDesc,Desc,,,,
views.view.media_library:display:default:display_options:empty:area_text_custom:contentNo media available.,No media available.,x,x,,
views.view.media_library:display:default:display_options:sorts:created:expose:labelNewest first,Newest first,x,x,,
views.view.media_library:display:default:display_options:sorts:name:expose:labelName (A-Z),Name (A-Z),x,x,,
views.view.media_library:display:default:display_options:sorts:name_1:expose:labelName (Z-A),Name (Z-A),x,x,,
views.view.media_library:display:default:display_options:filters:status:expose:labelPublishing status,Publishing status,x,x,,
views.view.media_library:display:default:display_options:filters:status:group_info:labelPublished,Published,x,x,,
views.view.media_library:display:default:display_options:filters:status:group_info:group_items:1:titlePublished,Published,x,x,,
views.view.media_library:display:default:display_options:filters:status:group_info:group_items:2:titleUnpublished,Unpublished,x,x,,
views.view.media_library:display:default:display_options:filters:name:expose:labelName,Name,x,x,,
views.view.media_library:display:default:display_options:filters:bundle:expose:labelMedia type,Media type,x,x,,
views.view.media_library:display:default:display_options:filters:bundle:group_info:labelMedia type,Media type,x,x,,
views.view.media_library:display:default:display_options:filters:langcode:expose:labelLanguage,Language,x,x,,
views.view.media_library:display:page:display_titlePage,Page,x,x,,
views.view.media_library:display:page:display_options:fields:media_bulk_form:action_titleAction,Action,x,x,,
views.view.media_library:display:page:display_options:fields:edit_media:alter:textEdit {{ name }},Edit {{ name }},x,x,,
views.view.media_library:display:page:display_options:fields:edit_media:alter:altEdit {{ name }},Edit {{ name }},x,x,,
views.view.media_library:display:page:display_options:fields:edit_media:textEdit,Edit,x,x,,
views.view.media_library:display:page:display_options:fields:delete_media:alter:textDelete {{ name }},Delete {{ name }},x,x,,
views.view.media_library:display:page:display_options:fields:delete_media:alter:altDelete {{ name }},Delete {{ name }},x,x,,
views.view.media_library:display:page:display_options:fields:delete_media:textDelete,Delete,x,x,,
views.view.media_library:display:widget:display_titleWidget,Widget,,,,
views.view.media_library:display:widget:display_options:arguments:bundle:exception:titleAll,All,x,x,,
views.view.media_library:display:widget:display_options:filters:name:expose:labelName,Name,x,x,,
views.view.media_library:display:widget:display_options:header:display_link_grid:labelGrid,Grid,x,x,,
views.view.media_library:display:widget:display_options:header:display_link_table:labelTable,Table,x,x,,
views.view.media_library:display:widget_table:display_titleWidget (table),Widget (table),,,,
views.view.media_library:display:widget_table:display_options:fields:thumbnail__target_id:labelThumbnail,Thumbnail,x,x,,
views.view.media_library:display:widget_table:display_options:fields:name:labelName,Name,x,x,,
views.view.media_library:display:widget_table:display_options:fields:uid:labelAuthor,Author,x,x,,
views.view.media_library:display:widget_table:display_options:fields:changed:labelUpdated,Updated,x,x,,
views.view.media_library:display:widget_table:display_options:arguments:bundle:exception:titleAll,All,x,x,,
views.view.media_library:display:widget_table:display_options:filters:name:expose:labelName,Name,x,x,,
views.view.media_library:display:widget_table:display_options:header:display_link_grid:labelGrid,Grid,x,x,,
views.view.media_library:display:widget_table:display_options:header:display_link_table:labelTable,Table,x,x,,
views.view.message:labelMessage,Message,x,x,,
views.view.message:display:default:display_titleMaster,Master,x,,,
views.view.message:display:default:display_options:exposed_form:options:submit_buttonApply,Apply,x,,,
views.view.message:display:default:display_options:exposed_form:options:reset_button_labelReset,Reset,x,,,
views.view.message:display:default:display_options:exposed_form:options:exposed_sorts_labelSort by,Sort by,x,,,
views.view.message:display:default:display_options:exposed_form:options:sort_asc_labelAsc,Asc,,,,
views.view.message:display:default:display_options:exposed_form:options:sort_desc_labelDesc,Desc,,,,
views.view.message:display:default:display_options:pager:options:expose:items_per_page_labelItems per page,Items per page,x,,,
views.view.message:display:default:display_options:pager:options:expose:items_per_page_options_all_label- All -,- All -,x,,,
views.view.message:display:default:display_options:pager:options:expose:offset_labelOffset,Offset,x,,,
views.view.message:display:default:display_options:pager:options:tags:previous‹ previous,‹ previous,x,,,
views.view.message:display:default:display_options:pager:options:tags:nextnext ›,next ›,x,,,
views.view.message:display:default:display_options:pager:options:tags:first« first,« first,x,,,
views.view.message:display:default:display_options:pager:options:tags:lastlast »,last »,x,,,
views.view.message:display:default:display_options:fields:message_bulk_form_1:labelMessage operations bulk form,Message operations bulk form,x,,,
views.view.message:display:default:display_options:fields:message_bulk_form_1:action_titleWith selection,With selection,x,,,
views.view.message:display:default:display_options:fields:mid:labelMessage ID,Message ID,x,,,
views.view.message:display:default:display_options:fields:template:labelMessage template,Message template,x,,,
views.view.message:display:default:display_options:fields:get_text:labelMessage text,Message text,x,,,
views.view.message:display:default:display_options:fields:uid:labelAuthor,Author,x,,,
views.view.message:display:default:display_options:fields:created:labelPublished date,Published date,x,,,
views.view.message:display:default:display_options:filters:template:expose:labelTemplate,Template,x,,,
views.view.message:display:default:display_options:titleMessage,Message,x,,,
views.view.message:display:default:display_options:empty:area:content:valueNo messages created yet,No messages created yet,x,,,
views.view.message:display:page_1:display_titlePage,Page,x,,,
views.view.message:display:page_1:display_options:menu:titleMessage,Message,x,,,
views.view.moderated_content:labelModerated content,Moderated content,,,,
views.view.moderated_content:descriptionFind and moderate content.,Find and moderate content.,,,,
views.view.moderated_content:display:default:display_titleDefault,Default,,,,
views.view.moderated_content:display:default:display_options:titleModerated content,Moderated content,,,,
views.view.moderated_content:display:default:display_options:fields:title:labelTitle,Title,,,,
views.view.moderated_content:display:default:display_options:fields:type:labelContent type,Content type,,,,
views.view.moderated_content:display:default:display_options:fields:name:labelAuthor,Author,,,,
views.view.moderated_content:display:default:display_options:fields:moderation_state:labelModeration state,Moderation state,,,,
views.view.moderated_content:display:default:display_options:fields:changed:labelUpdated,Updated,,,,
views.view.moderated_content:display:default:display_options:fields:operations:labelOperations,Operations,,,,
views.view.moderated_content:display:default:display_options:pager:options:tags:nextNext ›,Next ›,,,,
views.view.moderated_content:display:default:display_options:pager:options:tags:previous‹ Previous,‹ Previous,,,,
views.view.moderated_content:display:default:display_options:pager:options:tags:first« First,« First,,,,
views.view.moderated_content:display:default:display_options:pager:options:tags:lastLast »,Last »,,,,
views.view.moderated_content:display:default:display_options:pager:options:expose:items_per_page_labelItems per page,Items per page,,,,
views.view.moderated_content:display:default:display_options:pager:options:expose:items_per_page_options_all_label- All -,- All -,,,,
views.view.moderated_content:display:default:display_options:pager:options:expose:offset_labelOffset,Offset,,,,
views.view.moderated_content:display:default:display_options:exposed_form:options:submit_buttonFilter,Filter,,,,
views.view.moderated_content:display:default:display_options:exposed_form:options:reset_button_labelReset,Reset,,,,
views.view.moderated_content:display:default:display_options:exposed_form:options:exposed_sorts_labelSort by,Sort by,,,,
views.view.moderated_content:display:default:display_options:exposed_form:options:sort_asc_labelAsc,Asc,,,,
views.view.moderated_content:display:default:display_options:exposed_form:options:sort_desc_labelDesc,Desc,,,,
"views.view.moderated_content:display:default:display_options:empty:area_text_custom:contentNo moderated content available. Only pending versions of content, such as drafts, are listed here.","No moderated content available. Only pending versions of content, such as drafts, are listed here.",,,,
views.view.moderated_content:display:default:display_options:filters:title:expose:labelTitle,Title,,,,
views.view.moderated_content:display:default:display_options:filters:type:expose:labelContent type,Content type,,,,
views.view.moderated_content:display:default:display_options:filters:moderation_state:expose:labelModeration state,Moderation state,,,,
views.view.moderated_content:display:default:display_options:filters:langcode:expose:labelLanguage,Language,,,,
views.view.moderated_content:display:moderated_content:display_titleModerated content,Moderated content,,,,
views.view.mukurtu_browse:labelMukurtu Browse,Mukurtu Browse,x,x,x,
views.view.mukurtu_browse:descriptionThis is the one being used at /browse 2024,This is the one being used at /browse 2024,x,x,,
views.view.mukurtu_browse:display:default:display_titleDefault,Default,x,x,x,
views.view.mukurtu_browse:display:default:display_options:titleMukurtu Browse,Mukurtu Browse,x,x,x,
views.view.mukurtu_browse:display:default:display_options:pager:options:tags:nextNext ›,Next ›,x,x,x,
views.view.mukurtu_browse:display:default:display_options:pager:options:tags:previous‹ Previous,‹ Previous,x,x,x,
views.view.mukurtu_browse:display:default:display_options:pager:options:tags:first« First,« First,x,x,x,
views.view.mukurtu_browse:display:default:display_options:pager:options:tags:lastLast »,Last »,x,x,x,
views.view.mukurtu_browse:display:default:display_options:pager:options:expose:items_per_page_labelItems per page,Items per page,x,x,x,
views.view.mukurtu_browse:display:default:display_options:pager:options:expose:items_per_page_options_all_label- All -,- All -,x,x,x,
views.view.mukurtu_browse:display:default:display_options:pager:options:expose:offset_labelOffset,Offset,,,,
views.view.mukurtu_browse:display:default:display_options:exposed_form:options:submit_buttonApply,Apply,x,x,x,
views.view.mukurtu_browse:display:default:display_options:exposed_form:options:reset_button_labelReset,Reset,x,x,x,
views.view.mukurtu_browse:display:default:display_options:exposed_form:options:exposed_sorts_labelSort by,Sort by,x,x,x,
views.view.mukurtu_browse:display:default:display_options:exposed_form:options:sort_asc_labelAsc,Asc,,,,
views.view.mukurtu_browse:display:default:display_options:exposed_form:options:sort_desc_labelDesc,Desc,,,,
views.view.mukurtu_browse:display:default:display_options:sorts:search_api_relevance:expose:labelSearch Relevance,Search Relevance,x,x,x,
views.view.mukurtu_browse:display:default:display_options:sorts:title:expose:labelTitle,Title,x,x,x,
views.view.mukurtu_browse:display:default:display_options:sorts:changed:expose:labelNewest,Newest,x,x,x,
views.view.mukurtu_browse:display:default:display_options:sorts:changed_1:expose:labelOldest,Oldest,x,x,x,
views.view.mukurtu_browse:display:default:display_options:filters:search_api_fulltext:expose:labelSearch,Search,x,x,x,
views.view.mukurtu_browse:display:mukurtu_browse_block:display_titleList View Block,List View Block,x,x,x,
views.view.mukurtu_browse:display:mukurtu_browse_block_grid:display_titleGrid View Block,Grid View Block,x,x,x,
views.view.mukurtu_browse:display:mukurtu_browse_block_map:display_titleMap View Block,Map View Block,x,x,x,
views.view.mukurtu_browse:display:mukurtu_browse_block_map:display_options:fields:nid:fallback_options:format_plural_string1\003@count,1\003@count,,,,
views.view.mukurtu_browse:display:mukurtu_browse_block_map:display_options:filters:search_api_fulltext:expose:labelSearch,Search,x,x,x,
"views.view.mukurtu_browse:display:mukurtu_browse_block_map:display_options:style:options:leaflet_tooltip:options{""permanent"":false,""direction"":""center""}","{""permanent"":false,""direction"":""center""}",,,,
"views.view.mukurtu_browse:display:mukurtu_browse_block_map:display_options:style:options:leaflet_popup:options{""maxWidth"":""400"",""minWidth"":""300"",""autoPan"":true}","{""maxWidth"":""400"",""minWidth"":""300"",""autoPan"":true}",,,,
"views.view.mukurtu_browse:display:mukurtu_browse_block_map:display_options:style:options:fitbounds_options{""padding"":[0,0]}","{""padding"":[0,0]}",,,,
"views.view.mukurtu_browse:display:mukurtu_browse_block_map:display_options:style:options:reset_map:options{""position"":""topleft"",""title"":""Reset View""}","{""position"":""topleft"",""title"":""Reset View""}",,,,
"views.view.mukurtu_browse:display:mukurtu_browse_block_map:display_options:style:options:map_scale:options{""position"":""bottomright"",""maxWidth"":100,""metric"":true,""imperial"":false,""updateWhenIdle"":false}","{""position"":""bottomright"",""maxWidth"":100,""metric"":true,""imperial"":false,""updateWhenIdle"":false}",,,,
"views.view.mukurtu_browse:display:mukurtu_browse_block_map:display_options:style:options:locate:options{""position"":""topright"",""setView"":""untilPanOrZoom"",""returnToPrevBounds"":true,""keepCurrentZoomLevel"":true,""strings"":{""title"":""Locate my position""}}","{""position"":""topright"",""setView"":""untilPanOrZoom"",""returnToPrevBounds"":true,""keepCurrentZoomLevel"":true,""strings"":{""title"":""Locate my position""}}",,,,
"views.view.mukurtu_browse:display:mukurtu_browse_block_map:display_options:style:options:fullscreen:options{""position"":""topleft"",""pseudoFullscreen"":false}","{""position"":""topleft"",""pseudoFullscreen"":false}",,,,
views.view.mukurtu_browse_by_map:labelBrowse by Map,Browse by Map,x,x,x,
views.view.mukurtu_browse_by_map:display:default:display_titleDefault,Default,,,,
views.view.mukurtu_browse_by_map:display:default:display_options:titleBrowse by Map,Browse by Map,x,x,x,
"views.view.mukurtu_browse_by_map:display:default:display_options:fields:uuid:alter:text<div class=""uuid visually-hidden"">{{ uuid }}</div>","<div class=""uuid visually-hidden"">{{ uuid }}</div>",,,,
"views.view.mukurtu_browse_by_map:display:default:display_options:fields:nid:alter:text<div class=""nid visually-hidden"">{{ nid }}</div>","<div class=""nid visually-hidden"">{{ nid }}</div>",,,,
views.view.mukurtu_browse_by_map:display:default:display_options:fields:nid:fallback_options:format_plural_string1\003@count,1\003@count,,,,
views.view.mukurtu_browse_by_map:display:default:display_options:pager:options:expose:items_per_page_labelItems per page,Items per page,x,x,x,
views.view.mukurtu_browse_by_map:display:default:display_options:pager:options:expose:items_per_page_options_all_label- All -,- All -,x,x,x,
views.view.mukurtu_browse_by_map:display:default:display_options:pager:options:expose:offset_labelOffset,Offset,,,,
views.view.mukurtu_browse_by_map:display:default:display_options:exposed_form:options:submit_buttonApply,Apply,x,x,x,
views.view.mukurtu_browse_by_map:display:default:display_options:exposed_form:options:reset_button_labelReset,Reset,x,x,x,
views.view.mukurtu_browse_by_map:display:default:display_options:exposed_form:options:exposed_sorts_labelSort by,Sort by,x,x,x,
views.view.mukurtu_browse_by_map:display:default:display_options:exposed_form:options:sort_asc_labelAsc,Asc,,,,
views.view.mukurtu_browse_by_map:display:default:display_options:exposed_form:options:sort_desc_labelDesc,Desc,,,,
views.view.mukurtu_browse_by_map:display:default:display_options:arguments:mukurtu_bounding_box:exception:titleAll,All,x,x,x,
views.view.mukurtu_browse_by_map:display:map_block:display_titleMap Block,Map Block,x,,,
"views.view.mukurtu_browse_by_map:display:map_block:display_options:style:options:leaflet_tooltip:options{""permanent"":false,""direction"":""center""}","{""permanent"":false,""direction"":""center""}",,,,
"views.view.mukurtu_browse_by_map:display:map_block:display_options:style:options:leaflet_popup:options{""maxWidth"":""300"",""minWidth"":""50"",""autoPan"":true}","{""maxWidth"":""300"",""minWidth"":""50"",""autoPan"":true}",,,,
"views.view.mukurtu_browse_by_map:display:map_block:display_options:style:options:fitbounds_options{""padding"":[0,0]}","{""padding"":[0,0]}",,,,
"views.view.mukurtu_browse_by_map:display:map_block:display_options:style:options:reset_map:options{""position"":""topleft"",""title"":""Reset View""}","{""position"":""topleft"",""title"":""Reset View""}",,,,
"views.view.mukurtu_browse_by_map:display:map_block:display_options:style:options:map_scale:options{""position"":""bottomright"",""maxWidth"":100,""metric"":true,""imperial"":false,""updateWhenIdle"":false}","{""position"":""bottomright"",""maxWidth"":100,""metric"":true,""imperial"":false,""updateWhenIdle"":false}",,,,
"views.view.mukurtu_browse_by_map:display:map_block:display_options:style:options:locate:options{""position"":""topright"",""setView"":""untilPanOrZoom"",""returnToPrevBounds"":true,""keepCurrentZoomLevel"":true,""strings"":{""title"":""Locate my position""}}","{""position"":""topright"",""setView"":""untilPanOrZoom"",""returnToPrevBounds"":true,""keepCurrentZoomLevel"":true,""strings"":{""title"":""Locate my position""}}",,,,
"views.view.mukurtu_browse_by_map:display:map_block:display_options:style:options:fullscreen:options{""position"":""topleft"",""pseudoFullscreen"":false}","{""position"":""topleft"",""pseudoFullscreen"":false}",,,,
views.view.mukurtu_browse_by_map:display:teaser_block:display_titleTeaser Block,Teaser Block,,,,
views.view.mukurtu_browse_by_map:display:teaser_block:display_options:pager:options:expose:items_per_page_labelItems per page,Items per page,x,x,x,
views.view.mukurtu_browse_by_map:display:teaser_block:display_options:pager:options:expose:items_per_page_options_all_label- All -,- All -,x,x,x,
views.view.mukurtu_browse_by_map:display:teaser_block:display_options:pager:options:expose:offset_labelOffset,Offset,,,,
views.view.mukurtu_browse_collections:labelMukurtu Browse Collections,Mukurtu Browse Collections,x,x,x,
views.view.mukurtu_browse_collections:display:default:display_titleDefault,Default,,,,
views.view.mukurtu_browse_collections:display:default:display_options:titleMukurtu Browse Collections,Mukurtu Browse Collections,x,x,x,
views.view.mukurtu_browse_collections:display:default:display_options:pager:options:tags:nextNext ›,Next ›,x,x,x,
views.view.mukurtu_browse_collections:display:default:display_options:pager:options:tags:previous‹ Previous,‹ Previous,x,x,x,
views.view.mukurtu_browse_collections:display:default:display_options:pager:options:expose:items_per_page_labelItems per page,Items per page,x,x,x,
views.view.mukurtu_browse_collections:display:default:display_options:pager:options:expose:items_per_page_options_all_label- All -,- All -,x,x,x,
views.view.mukurtu_browse_collections:display:default:display_options:pager:options:expose:offset_labelOffset,Offset,,,,
views.view.mukurtu_browse_collections:display:default:display_options:exposed_form:options:submit_buttonApply,Apply,x,x,x,
views.view.mukurtu_browse_collections:display:default:display_options:exposed_form:options:reset_button_labelReset,Reset,x,x,x,
views.view.mukurtu_browse_collections:display:default:display_options:exposed_form:options:exposed_sorts_labelSort by,Sort by,x,x,x,
views.view.mukurtu_browse_collections:display:default:display_options:exposed_form:options:sort_asc_labelAsc,Asc,,,,
views.view.mukurtu_browse_collections:display:default:display_options:exposed_form:options:sort_desc_labelDesc,Desc,,,,
views.view.mukurtu_browse_collections:display:default:display_options:sorts:title:expose:labelTitle,Title,x,x,x,
views.view.mukurtu_browse_collections:display:default:display_options:sorts:changed:expose:labelNewest,Newest,x,x,x,
views.view.mukurtu_browse_collections:display:default:display_options:sorts:changed_1:expose:labelOldest,Oldest,x,x,x,
views.view.mukurtu_browse_collections:display:default:display_options:filters:search_api_language:expose:labelItem language,Item language,x,x,x,
views.view.mukurtu_browse_collections:display:browse_collections_block:display_titleBlock,Block,,,,
views.view.mukurtu_browse_map:labelMukurtu Browse - Map,Mukurtu Browse - Map,x,x,x,
views.view.mukurtu_browse_map:display:default:display_titleMaster,Master,,,,
views.view.mukurtu_browse_map:display:default:display_options:titleMukurtu Browse - Map,Mukurtu Browse - Map,x,x,x,
views.view.mukurtu_browse_map:display:default:display_options:fields:nid:fallback_options:format_plural_string1\003@count,1\003@count,,,,
views.view.mukurtu_browse_map:display:default:display_options:exposed_form:options:submit_buttonApply,Apply,x,x,x,
views.view.mukurtu_browse_map:display:default:display_options:exposed_form:options:reset_button_labelReset,Reset,x,x,x,
views.view.mukurtu_browse_map:display:default:display_options:exposed_form:options:exposed_sorts_labelSort by,Sort by,x,x,x,
views.view.mukurtu_browse_map:display:default:display_options:exposed_form:options:sort_asc_labelAsc,Asc,,,,
views.view.mukurtu_browse_map:display:default:display_options:exposed_form:options:sort_desc_labelDesc,Desc,,,,
views.view.mukurtu_browse_map:display:default:display_options:arguments:mukurtu_bounding_box:exception:titleAll,All,x,x,x,
views.view.mukurtu_browse_map:display:mukurtu_browse_map_block:display_titleBlock,Block,x,x,x,
views.view.mukurtu_categories:labelMukurtu Categories,Mukurtu Categories,x,x,x,
views.view.mukurtu_categories:display:default:display_titleMaster,Master,,,,
views.view.mukurtu_categories:display:default:display_options:titleCategories,Categories,x,x,x,
views.view.mukurtu_categories:display:default:display_options:exposed_form:options:submit_buttonApply,Apply,x,x,,
views.view.mukurtu_categories:display:default:display_options:exposed_form:options:reset_button_labelReset,Reset,x,x,,
views.view.mukurtu_categories:display:default:display_options:exposed_form:options:exposed_sorts_labelSort by,Sort by,x,x,,
views.view.mukurtu_categories:display:default:display_options:exposed_form:options:sort_asc_labelAsc,Asc,,,,
views.view.mukurtu_categories:display:default:display_options:exposed_form:options:sort_desc_labelDesc,Desc,,,,
views.view.mukurtu_categories:display:browse_by_category_block:display_titleBlock,Block,x,x,,
views.view.mukurtu_categories:display:browse_by_category_block:display_options:titleBrowse by Category,Browse by Category,x,x,x,
views.view.mukurtu_categories:display:categories_page:display_titlePage,Page,x,x,,
views.view.mukurtu_comments:labelMukurtu Comments,Mukurtu Comments,x,x,x,
views.view.mukurtu_comments:descriptionFind and manage comments.,Find and manage comments.,x,x,,
views.view.mukurtu_comments:display:default:display_titleDefault,Default,x,x,,
views.view.mukurtu_comments:display:default:display_options:titleComments,Comments,x,x,x,
views.view.mukurtu_comments:display:default:display_options:fields:comment_bulk_form:action_titleAction,Action,,,,
views.view.mukurtu_comments:display:default:display_options:fields:subject:labelSubject,Subject,x,x,x,
views.view.mukurtu_comments:display:default:display_options:fields:name:labelAuthor,Author,x,x,x,
views.view.mukurtu_comments:display:default:display_options:fields:entity_id:labelPosted in,Posted in,x,x,x,
views.view.mukurtu_comments:display:default:display_options:fields:changed:labelUpdated,Updated,x,x,x,
views.view.mukurtu_comments:display:default:display_options:fields:operations:labelOperations,Operations,,,,
views.view.mukurtu_comments:display:default:display_options:pager:options:tags:nextnext ›,next ›,x,x,x,
views.view.mukurtu_comments:display:default:display_options:pager:options:tags:previous‹ previous,‹ previous,x,x,x,
views.view.mukurtu_comments:display:default:display_options:pager:options:tags:first« first,« first,x,x,x,
views.view.mukurtu_comments:display:default:display_options:pager:options:tags:lastlast »,last »,x,x,x,
views.view.mukurtu_comments:display:default:display_options:pager:options:expose:items_per_page_labelItems per page,Items per page,x,x,x,
views.view.mukurtu_comments:display:default:display_options:pager:options:expose:items_per_page_options_all_label- All -,- All -,x,x,x,
views.view.mukurtu_comments:display:default:display_options:pager:options:expose:offset_labelOffset,Offset,,,,
views.view.mukurtu_comments:display:default:display_options:exposed_form:options:submit_buttonFilter,Filter,x,x,x,
views.view.mukurtu_comments:display:default:display_options:exposed_form:options:reset_button_labelReset,Reset,x,x,x,
views.view.mukurtu_comments:display:default:display_options:exposed_form:options:exposed_sorts_labelSort by,Sort by,x,x,x,
views.view.mukurtu_comments:display:default:display_options:exposed_form:options:sort_asc_labelAsc,Asc,,,,
views.view.mukurtu_comments:display:default:display_options:exposed_form:options:sort_desc_labelDesc,Desc,,,,
views.view.mukurtu_comments:display:default:display_options:empty:area_text_custom:contentNo comments available.,No comments available.,x,x,x,
views.view.mukurtu_comments:display:default:display_options:filters:subject:expose:labelSubject,Subject,x,x,x,
views.view.mukurtu_comments:display:default:display_options:filters:combine:expose:labelAuthor name,Author name,x,x,x,
views.view.mukurtu_comments:display:default:display_options:filters:langcode:expose:labelLanguage,Language,x,x,x,
views.view.mukurtu_comments:display:default:display_options:use_more_textmore,more,x,x,x,
views.view.mukurtu_comments:display:page_published:display_titlePublished comments,Published comments,x,x,,
views.view.mukurtu_comments:display:page_published:display_options:display_descriptionThe approved comments listing.,The approved comments listing.,,,,
views.view.mukurtu_comments:display:page_published:display_options:menu:titleComments,Comments,x,x,x,
views.view.mukurtu_comments:display:page_published:display_options:menu:descriptionComments published,Comments published,x,x,x,
views.view.mukurtu_comments:display:page_unapproved:display_titleUnapproved comments,Unapproved comments,x,x,,
views.view.mukurtu_comments:display:page_unapproved:display_options:fields:comment_bulk_form:action_titleAction,Action,x,x,x,
views.view.mukurtu_comments:display:page_unapproved:display_options:fields:subject:labelSubject,Subject,x,x,x,
views.view.mukurtu_comments:display:page_unapproved:display_options:fields:name:labelAuthor,Author,x,x,x,
views.view.mukurtu_comments:display:page_unapproved:display_options:fields:entity_id:labelPosted in,Posted in,x,x,x,
views.view.mukurtu_comments:display:page_unapproved:display_options:fields:changed:labelUpdated,Updated,x,x,x,
views.view.mukurtu_comments:display:page_unapproved:display_options:fields:operations:labelOperations,Operations,,,,
views.view.mukurtu_comments:display:page_unapproved:display_options:filters:subject:expose:labelSubject,Subject,x,x,x,
views.view.mukurtu_comments:display:page_unapproved:display_options:filters:combine:expose:labelAuthor Name,Author Name,x,x,x,
views.view.mukurtu_comments:display:page_unapproved:display_options:filters:langcode:expose:labelLanguage,Language,x,x,x,
views.view.mukurtu_comments:display:page_unapproved:display_options:display_descriptionThe unapproved comments listing.,The unapproved comments listing.,x,x,,
views.view.mukurtu_comments:display:page_unapproved:display_options:menu:titleUnapproved comments,Unapproved comments,x,x,x,
views.view.mukurtu_comments:display:page_unapproved:display_options:menu:descriptionComments unapproved,Comments unapproved,x,x,x,
views.view.mukurtu_community_select:labelMukurtu Community Select,Mukurtu Community Select,x,x,,
views.view.mukurtu_community_select:display:default:display_titleDefault,Default,,,,
views.view.mukurtu_community_select:display:default:display_options:pager:options:expose:items_per_page_labelItems per page,Items per page,x,x,x,
views.view.mukurtu_community_select:display:default:display_options:pager:options:expose:items_per_page_options_all_label- All -,- All -,x,x,x,
views.view.mukurtu_community_select:display:default:display_options:pager:options:expose:offset_labelOffset,Offset,,,,
views.view.mukurtu_community_select:display:default:display_options:exposed_form:options:submit_buttonApply,Apply,x,x,x,
views.view.mukurtu_community_select:display:default:display_options:exposed_form:options:reset_button_labelReset,Reset,x,x,x,
views.view.mukurtu_community_select:display:default:display_options:exposed_form:options:exposed_sorts_labelSort by,Sort by,x,x,x,
views.view.mukurtu_community_select:display:default:display_options:exposed_form:options:sort_asc_labelAsc,Asc,,,,
views.view.mukurtu_community_select:display:default:display_options:exposed_form:options:sort_desc_labelDesc,Desc,,,,
views.view.mukurtu_community_select:display:mukurtu_community_select:display_titleEntity browser,Entity browser,x,,,
views.view.mukurtu_content_browser:labelMukurtu Content Browser,Mukurtu Content Browser,x,x,x,
views.view.mukurtu_content_browser:descriptionProvides a default View for the Content Browser provided Entity Browser,Provides a default View for the Content Browser provided Entity Browser,x,x,,
views.view.mukurtu_content_browser:display:default:display_titleMaster,Master,x,,,
views.view.mukurtu_content_browser:display:default:display_options:fields:view_node:labelLink to Content,Link to Content,x,x,x,
views.view.mukurtu_content_browser:display:default:display_options:fields:view_node:textview,view,x,,,
views.view.mukurtu_content_browser:display:default:display_options:fields:title:labelTitle,Title,x,x,x,
views.view.mukurtu_content_browser:display:default:display_options:fields:title:alter:path{{ view_node }},{{ view_node }},,,,
views.view.mukurtu_content_browser:display:default:display_options:fields:type:labelContent type,Content type,x,x,x,
views.view.mukurtu_content_browser:display:default:display_options:pager:options:tags:nextNext ›,Next ›,x,x,x,
views.view.mukurtu_content_browser:display:default:display_options:pager:options:tags:previous‹ Previous,‹ Previous,x,x,x,
views.view.mukurtu_content_browser:display:default:display_options:pager:options:tags:first« First,« First,x,x,x,
views.view.mukurtu_content_browser:display:default:display_options:pager:options:tags:lastLast »,Last »,x,x,x,
views.view.mukurtu_content_browser:display:default:display_options:pager:options:expose:items_per_page_labelItems per page,Items per page,x,x,x,
views.view.mukurtu_content_browser:display:default:display_options:pager:options:expose:items_per_page_options_all_label- All -,- All -,x,x,x,
views.view.mukurtu_content_browser:display:default:display_options:pager:options:expose:offset_labelOffset,Offset,,,,
views.view.mukurtu_content_browser:display:default:display_options:exposed_form:options:submit_buttonApply,Apply,x,x,x,
views.view.mukurtu_content_browser:display:default:display_options:exposed_form:options:reset_button_labelReset,Reset,x,x,x,
views.view.mukurtu_content_browser:display:default:display_options:exposed_form:options:exposed_sorts_labelSort by,Sort by,x,x,x,
views.view.mukurtu_content_browser:display:default:display_options:exposed_form:options:sort_asc_labelAsc,Asc,,,,
views.view.mukurtu_content_browser:display:default:display_options:exposed_form:options:sort_desc_labelDesc,Desc,,,,
views.view.mukurtu_content_browser:display:default:display_options:sorts:created:expose:labelAuthored on,Authored on,x,x,,
views.view.mukurtu_content_browser:display:default:display_options:arguments:type:exception:titleAll,All,x,x,x,
views.view.mukurtu_content_browser:display:default:display_options:filters:type:expose:labelType,Type,x,x,x,
views.view.mukurtu_content_browser:display:default:display_options:filters:title:expose:labelTitle,Title,x,x,x,
views.view.mukurtu_content_browser:display:entity_browser:display_titleEntity browser,Entity browser,x,,,
views.view.mukurtu_dictionary:labelMukurtu Dictionary,Mukurtu Dictionary,x,x,x,
views.view.mukurtu_dictionary:display:default:display_titleMaster,Master,x,,,
views.view.mukurtu_dictionary:display:default:display_options:titleMukurtu Dictionary,Mukurtu Dictionary,x,x,x,
views.view.mukurtu_dictionary:display:default:display_options:pager:options:tags:nextNext ›,Next ›,x,x,x,
views.view.mukurtu_dictionary:display:default:display_options:pager:options:tags:previous‹ Previous,‹ Previous,x,x,x,
views.view.mukurtu_dictionary:display:default:display_options:pager:options:expose:items_per_page_labelItems per page,Items per page,x,x,x,
views.view.mukurtu_dictionary:display:default:display_options:pager:options:expose:items_per_page_options_all_label- All -,- All -,x,x,x,
views.view.mukurtu_dictionary:display:default:display_options:pager:options:expose:offset_labelOffset,Offset,,,,
views.view.mukurtu_dictionary:display:default:display_options:exposed_form:options:submit_buttonApply,Apply,x,x,x,
views.view.mukurtu_dictionary:display:default:display_options:exposed_form:options:reset_button_labelReset,Reset,x,x,x,
views.view.mukurtu_dictionary:display:default:display_options:exposed_form:options:exposed_sorts_labelSort by,Sort by,x,x,x,
views.view.mukurtu_dictionary:display:default:display_options:exposed_form:options:sort_asc_labelAsc,Asc,,,,
views.view.mukurtu_dictionary:display:default:display_options:exposed_form:options:sort_desc_labelDesc,Desc,,,,
views.view.mukurtu_dictionary:display:default:display_options:sorts:search_api_relevance:expose:labelSearch Relevance,Search Relevance,x,x,x,
views.view.mukurtu_dictionary:display:default:display_options:sorts:title:expose:labelAlphabetical,Alphabetical,x,x,x,
views.view.mukurtu_dictionary:display:default:display_options:sorts:changed:expose:labelNewest,Newest,x,x,x,
views.view.mukurtu_dictionary:display:default:display_options:sorts:changed_1:expose:labelOldest,Oldest,x,x,x,
views.view.mukurtu_dictionary:display:default:display_options:filters:search_api_fulltext:expose:labelSearch,Search,x,x,x,
views.view.mukurtu_dictionary:display:mukurtu_dictionary_block:display_titleBlock,Block,,,,
views.view.mukurtu_digital_heritage_browse:labelMukurtu Digital Heritage Browse,Mukurtu Digital Heritage Browse,x,x,x,
views.view.mukurtu_digital_heritage_browse:descriptionThis is the one being used at /digital-heritage 2024,This is the one being used at /digital-heritage 2024,,,,
views.view.mukurtu_digital_heritage_browse:display:default:display_titleDefault,Default,,,,
views.view.mukurtu_digital_heritage_browse:display:default:display_options:titleMukurtu Browse,Mukurtu Browse,x,x,x,
views.view.mukurtu_digital_heritage_browse:display:default:display_options:pager:options:tags:nextNext ›,Next ›,x,x,x,
views.view.mukurtu_digital_heritage_browse:display:default:display_options:pager:options:tags:previous‹ Previous,‹ Previous,x,x,x,
views.view.mukurtu_digital_heritage_browse:display:default:display_options:pager:options:tags:first« First,« First,x,x,x,
views.view.mukurtu_digital_heritage_browse:display:default:display_options:pager:options:tags:lastLast »,Last »,x,x,x,
views.view.mukurtu_digital_heritage_browse:display:default:display_options:pager:options:expose:items_per_page_labelItems per page,Items per page,x,x,x,
views.view.mukurtu_digital_heritage_browse:display:default:display_options:pager:options:expose:items_per_page_options_all_label- All -,- All -,x,x,x,
views.view.mukurtu_digital_heritage_browse:display:default:display_options:pager:options:expose:offset_labelOffset,Offset,,,,
views.view.mukurtu_digital_heritage_browse:display:default:display_options:exposed_form:options:submit_buttonApply,Apply,x,x,x,
views.view.mukurtu_digital_heritage_browse:display:default:display_options:exposed_form:options:reset_button_labelReset,Reset,x,x,x,
views.view.mukurtu_digital_heritage_browse:display:default:display_options:exposed_form:options:exposed_sorts_labelSort by,Sort by,x,x,x,
views.view.mukurtu_digital_heritage_browse:display:default:display_options:exposed_form:options:sort_asc_labelAsc,Asc,,,,
views.view.mukurtu_digital_heritage_browse:display:default:display_options:exposed_form:options:sort_desc_labelDesc,Desc,,,,
views.view.mukurtu_digital_heritage_browse:display:default:display_options:sorts:search_api_relevance:expose:labelSearch Relevance,Search Relevance,x,x,x,
views.view.mukurtu_digital_heritage_browse:display:default:display_options:sorts:title:expose:labelTitle,Title,x,x,x,
views.view.mukurtu_digital_heritage_browse:display:default:display_options:sorts:changed:expose:labelNewest,Newest,x,x,x,
views.view.mukurtu_digital_heritage_browse:display:default:display_options:sorts:changed_1:expose:labelOldest,Oldest,x,x,x,
views.view.mukurtu_digital_heritage_browse:display:default:display_options:filters:search_api_fulltext:expose:labelSearch,Search,x,x,x,
views.view.mukurtu_digital_heritage_browse:display:mukurtu_digital_heritage_browse_block:display_titleList View Block,List View Block,x,x,x,
views.view.mukurtu_digital_heritage_browse:display:mukurtu_digital_heritage_browse_block_grid:display_titleGrid View Block,Grid View Block,x,x,x,
views.view.mukurtu_digital_heritage_browse:display:mukurtu_digital_heritage_browse_block_map:display_titleMap View Block,Map View Block,x,x,x,
views.view.mukurtu_digital_heritage_browse:display:mukurtu_digital_heritage_browse_block_map:display_options:fields:nid:fallback_options:format_plural_string1\003@count,1\003@count,,,,
"views.view.mukurtu_digital_heritage_browse:display:mukurtu_digital_heritage_browse_block_map:display_options:style:options:leaflet_tooltip:options{""permanent"":false,""direction"":""center""}","{""permanent"":false,""direction"":""center""}",,,,
"views.view.mukurtu_digital_heritage_browse:display:mukurtu_digital_heritage_browse_block_map:display_options:style:options:leaflet_popup:options{""maxWidth"":""400"",""minWidth"":""300"",""autoPan"":true}","{""maxWidth"":""400"",""minWidth"":""300"",""autoPan"":true}",,,,
"views.view.mukurtu_digital_heritage_browse:display:mukurtu_digital_heritage_browse_block_map:display_options:style:options:fitbounds_options{""padding"":[0,0]}","{""padding"":[0,0]}",,,,
"views.view.mukurtu_digital_heritage_browse:display:mukurtu_digital_heritage_browse_block_map:display_options:style:options:reset_map:options{""position"":""topleft"",""title"":""Reset View""}","{""position"":""topleft"",""title"":""Reset View""}",,,,
"views.view.mukurtu_digital_heritage_browse:display:mukurtu_digital_heritage_browse_block_map:display_options:style:options:map_scale:options{""position"":""bottomright"",""maxWidth"":100,""metric"":true,""imperial"":false,""updateWhenIdle"":false}","{""position"":""bottomright"",""maxWidth"":100,""metric"":true,""imperial"":false,""updateWhenIdle"":false}",,,,
"views.view.mukurtu_digital_heritage_browse:display:mukurtu_digital_heritage_browse_block_map:display_options:style:options:locate:options{""position"":""topright"",""setView"":""untilPanOrZoom"",""returnToPrevBounds"":true,""keepCurrentZoomLevel"":true,""strings"":{""title"":""Locate my position""}}","{""position"":""topright"",""setView"":""untilPanOrZoom"",""returnToPrevBounds"":true,""keepCurrentZoomLevel"":true,""strings"":{""title"":""Locate my position""}}",,,,
"views.view.mukurtu_digital_heritage_browse:display:mukurtu_digital_heritage_browse_block_map:display_options:style:options:fullscreen:options{""position"":""topleft"",""pseudoFullscreen"":false}","{""position"":""topleft"",""pseudoFullscreen"":false}",,,,
views.view.mukurtu_digital_heritage_browse_by_map:labelMukurtu Digital Heritage Browse by Map,Mukurtu Digital Heritage Browse by Map,x,x,x,
views.view.mukurtu_digital_heritage_browse_by_map:display:default:display_titleDefault,Default,,,,
views.view.mukurtu_digital_heritage_browse_by_map:display:default:display_options:titleMukurtu Digital Heritage Browse by Map,Mukurtu Digital Heritage Browse by Map,x,x,x,
"views.view.mukurtu_digital_heritage_browse_by_map:display:default:display_options:fields:uuid:alter:text<div class=""uuid visually-hidden"">{{ uuid }}</div>","<div class=""uuid visually-hidden"">{{ uuid }}</div>",,,,
"views.view.mukurtu_digital_heritage_browse_by_map:display:default:display_options:fields:nid:alter:text<div class=""nid visually-hidden"">{{ nid }}</div>","<div class=""nid visually-hidden"">{{ nid }}</div>",,,,
views.view.mukurtu_digital_heritage_browse_by_map:display:default:display_options:fields:nid:fallback_options:format_plural_string1\003@count,1\003@count,,,,
views.view.mukurtu_digital_heritage_browse_by_map:display:default:display_options:pager:options:expose:items_per_page_labelItems per page,Items per page,x,x,x,
views.view.mukurtu_digital_heritage_browse_by_map:display:default:display_options:pager:options:expose:items_per_page_options_all_label- All -,- All -,x,x,x,
views.view.mukurtu_digital_heritage_browse_by_map:display:default:display_options:pager:options:expose:offset_labelOffset,Offset,,,,
views.view.mukurtu_digital_heritage_browse_by_map:display:default:display_options:exposed_form:options:submit_buttonApply,Apply,x,x,x,
views.view.mukurtu_digital_heritage_browse_by_map:display:default:display_options:exposed_form:options:reset_button_labelReset,Reset,x,x,x,
views.view.mukurtu_digital_heritage_browse_by_map:display:default:display_options:exposed_form:options:exposed_sorts_labelSort by,Sort by,x,x,x,
views.view.mukurtu_digital_heritage_browse_by_map:display:default:display_options:exposed_form:options:sort_asc_labelAsc,Asc,,,,
views.view.mukurtu_digital_heritage_browse_by_map:display:default:display_options:exposed_form:options:sort_desc_labelDesc,Desc,,,,
views.view.mukurtu_digital_heritage_browse_by_map:display:default:display_options:arguments:mukurtu_bounding_box:exception:titleAll,All,x,x,x,
views.view.mukurtu_digital_heritage_browse_by_map:display:digital_heritage_map_block:display_titleMap Block,Map Block,x,x,x,
"views.view.mukurtu_digital_heritage_browse_by_map:display:digital_heritage_map_block:display_options:style:options:fullscreen:options{""position"":""topleft"",""pseudoFullscreen"":false}","{""position"":""topleft"",""pseudoFullscreen"":false}",,,,
views.view.mukurtu_digital_heritage_browse_by_map:display:teaser_block:display_titleTeaser Block,Teaser Block,x,,,
views.view.mukurtu_digital_heritage_browse_by_map:display:teaser_block:display_options:pager:options:expose:items_per_page_labelItems per page,Items per page,x,,,
views.view.mukurtu_digital_heritage_browse_by_map:display:teaser_block:display_options:pager:options:expose:items_per_page_options_all_label- All -,- All -,x,,,
views.view.mukurtu_digital_heritage_browse_by_map:display:teaser_block:display_options:pager:options:expose:offset_labelOffset,Offset,x,,,
views.view.mukurtu_draft_content:labelMukurtu Draft Content,Mukurtu Draft Content,x,x,,
views.view.mukurtu_draft_content:descriptionShows all content marked as a draft.,Shows all content marked as a draft.,x,x,,
views.view.mukurtu_draft_content:display:default:display_titleDefault,Default,x,x,,
views.view.mukurtu_draft_content:display:default:display_options:titleYour Drafts,Your Drafts,x,x,,
views.view.mukurtu_draft_content:display:default:display_options:pager:options:expose:items_per_page_labelItems per page,Items per page,x,x,,
views.view.mukurtu_draft_content:display:default:display_options:pager:options:expose:items_per_page_options_all_label- All -,- All -,x,x,,
views.view.mukurtu_draft_content:display:default:display_options:pager:options:expose:offset_labelOffset,Offset,,,,
views.view.mukurtu_draft_content:display:default:display_options:exposed_form:options:submit_buttonApply,Apply,x,x,,
views.view.mukurtu_draft_content:display:default:display_options:exposed_form:options:reset_button_labelReset,Reset,x,x,,
views.view.mukurtu_draft_content:display:default:display_options:exposed_form:options:exposed_sorts_labelSort by,Sort by,x,x,,
views.view.mukurtu_draft_content:display:default:display_options:exposed_form:options:sort_asc_labelAsc,Asc,,,,
views.view.mukurtu_draft_content:display:default:display_options:exposed_form:options:sort_desc_labelDesc,Desc,,,,
views.view.mukurtu_draft_content:display:mukurtu_draft_content_block:display_titleBlock,Block,x,x,,
views.view.mukurtu_draft_content:display:mukurtu_draft_content_block:display_options:empty:area:content:valueYou currently have no drafts.,You currently have no drafts.,x,x,,
views.view.mukurtu_draft_content:display:mukurtu_draft_content_page:display_titlePage,Page,x,x,x,
views.view.mukurtu_draft_content:display:mukurtu_draft_content_page:display_options:empty:title:titleYou currently have no drafts.,You currently have no drafts.,x,x,x,
views.view.mukurtu_draft_content:display:mukurtu_draft_content_page:display_options:menu:titleYour Drafts,Your Drafts,x,x,x,
views.view.mukurtu_draft_content:display:mukurtu_draft_content_page:display_options:menu:descriptionSee all your draft content on the site.,See all your draft content on the site.,x,x,x,
views.view.mukurtu_import_results_communities:labelMukurtu Import Results: Communities,Mukurtu Import Results: Communities,x,x,,
views.view.mukurtu_import_results_communities:display:default:display_titleDefault,Default,x,x,,
views.view.mukurtu_import_results_communities:display:default:display_options:titleCommunities,Communities,x,x,,
views.view.mukurtu_import_results_communities:display:default:display_options:fields:name:labelName,Name,x,x,,
views.view.mukurtu_import_results_communities:display:default:display_options:fields:revision_created:labelChanged,Changed,x,x,,
views.view.mukurtu_import_results_communities:display:default:display_options:pager:options:tags:nextNext ›,Next ›,x,x,,
views.view.mukurtu_import_results_communities:display:default:display_options:pager:options:tags:previous‹ Previous,‹ Previous,x,x,,
views.view.mukurtu_import_results_communities:display:default:display_options:pager:options:expose:items_per_page_labelItems per page,Items per page,x,x,,
views.view.mukurtu_import_results_communities:display:default:display_options:pager:options:expose:items_per_page_options_all_label- All -,- All -,x,x,,
views.view.mukurtu_import_results_communities:display:default:display_options:pager:options:expose:offset_labelOffset,Offset,x,x,,
views.view.mukurtu_import_results_communities:display:default:display_options:exposed_form:options:submit_buttonApply,Apply,x,x,,
views.view.mukurtu_import_results_communities:display:default:display_options:exposed_form:options:reset_button_labelReset,Reset,x,x,,
views.view.mukurtu_import_results_communities:display:default:display_options:exposed_form:options:exposed_sorts_labelSort by,Sort by,x,x,,
views.view.mukurtu_import_results_communities:display:default:display_options:exposed_form:options:sort_asc_labelAsc,Asc,x,x,,
views.view.mukurtu_import_results_communities:display:default:display_options:exposed_form:options:sort_desc_labelDesc,Desc,x,x,,
views.view.mukurtu_import_results_communities:display:default:display_options:arguments:revision_log:exception:titleAll,All,x,x,,
views.view.mukurtu_import_results_communities:display:default:display_options:header:result:contentCommunities imported: @total,Communities imported: @total,x,x,,
views.view.mukurtu_import_results_communities:display:default:display_options:footer:result:contentDisplaying @start - @end of @total,Displaying @start - @end of @total,x,x,,
views.view.mukurtu_import_results_communities:display:results:display_titleBlock,Block,x,x,,
views.view.mukurtu_import_results_content:labelMukurtu Import Results: Content,Mukurtu Import Results: Content,x,x,,
views.view.mukurtu_import_results_content:display:default:display_titleDefault,Default,x,x,,
views.view.mukurtu_import_results_content:display:default:display_options:titleContent,Content,x,x,,
views.view.mukurtu_import_results_content:display:default:display_options:fields:timestamp:labelNew,New,x,x,,
views.view.mukurtu_import_results_content:display:default:display_options:fields:status:labelPublished,Published,x,x,,
views.view.mukurtu_import_results_content:display:default:display_options:fields:type:labelContent type,Content type,x,x,,
views.view.mukurtu_import_results_content:display:default:display_options:fields:changed:labelChanged,Changed,x,x,,
views.view.mukurtu_import_results_content:display:default:display_options:pager:options:expose:items_per_page_labelItems per page,Items per page,x,x,,
views.view.mukurtu_import_results_content:display:default:display_options:pager:options:expose:items_per_page_options_all_label- All -,- All -,x,x,,
views.view.mukurtu_import_results_content:display:default:display_options:pager:options:expose:offset_labelOffset,Offset,,,,
views.view.mukurtu_import_results_content:display:default:display_options:exposed_form:options:submit_buttonApply,Apply,x,x,,
views.view.mukurtu_import_results_content:display:default:display_options:exposed_form:options:reset_button_labelReset,Reset,x,x,,
views.view.mukurtu_import_results_content:display:default:display_options:exposed_form:options:exposed_sorts_labelSort by,Sort by,x,x,,
views.view.mukurtu_import_results_content:display:default:display_options:exposed_form:options:sort_asc_labelAsc,Asc,,,,
views.view.mukurtu_import_results_content:display:default:display_options:exposed_form:options:sort_desc_labelDesc,Desc,,,,
views.view.mukurtu_import_results_content:display:default:display_options:arguments:revision_log:exception:titleAll,All,x,x,,
views.view.mukurtu_import_results_content:display:default:display_options:header:result:contentContent items imported: @total,Content items imported: @total,x,x,,
views.view.mukurtu_import_results_content:display:default:display_options:footer:result:contentDisplaying @start - @end of @total,Displaying @start - @end of @total,x,x,,
views.view.mukurtu_import_results_content:display:results:display_titleBlock,Block,,,,
views.view.mukurtu_import_results_cultural_protocols:labelMukurtu Import Results: Cultural Protocols,Mukurtu Import Results: Cultural Protocols,x,x,,
views.view.mukurtu_import_results_cultural_protocols:display:default:display_titleDefault,Default,,,,
views.view.mukurtu_import_results_cultural_protocols:display:default:display_options:titleCultural Protocols,Cultural Protocols,x,x,,
views.view.mukurtu_import_results_cultural_protocols:display:default:display_options:fields:name:labelName,Name,x,x,,
views.view.mukurtu_import_results_cultural_protocols:display:default:display_options:fields:revision_created:labelChanged,Changed,x,x,,
views.view.mukurtu_import_results_cultural_protocols:display:default:display_options:pager:options:tags:nextNext ›,Next ›,x,x,,
views.view.mukurtu_import_results_cultural_protocols:display:default:display_options:pager:options:tags:previous‹ Previous,‹ Previous,x,x,,
views.view.mukurtu_import_results_cultural_protocols:display:default:display_options:pager:options:expose:items_per_page_labelItems per page,Items per page,x,x,,
views.view.mukurtu_import_results_cultural_protocols:display:default:display_options:pager:options:expose:items_per_page_options_all_label- All -,- All -,x,x,,
views.view.mukurtu_import_results_cultural_protocols:display:default:display_options:pager:options:expose:offset_labelOffset,Offset,,,,
views.view.mukurtu_import_results_cultural_protocols:display:default:display_options:exposed_form:options:submit_buttonApply,Apply,x,x,,
views.view.mukurtu_import_results_cultural_protocols:display:default:display_options:exposed_form:options:reset_button_labelReset,Reset,x,x,,
views.view.mukurtu_import_results_cultural_protocols:display:default:display_options:exposed_form:options:exposed_sorts_labelSort by,Sort by,x,x,,
views.view.mukurtu_import_results_cultural_protocols:display:default:display_options:exposed_form:options:sort_asc_labelAsc,Asc,,,,
views.view.mukurtu_import_results_cultural_protocols:display:default:display_options:exposed_form:options:sort_desc_labelDesc,Desc,,,,
views.view.mukurtu_import_results_cultural_protocols:display:default:display_options:arguments:revision_log:exception:titleAll,All,x,x,,
views.view.mukurtu_import_results_cultural_protocols:display:default:display_options:header:result:contentCultural Protocols imported: @total,Cultural Protocols imported: @total,x,x,,
views.view.mukurtu_import_results_cultural_protocols:display:default:display_options:footer:result:contentDisplaying @start - @end of @total,Displaying @start - @end of @total,x,x,,
views.view.mukurtu_import_results_cultural_protocols:display:results:display_titleBlock,Block,,,,
views.view.mukurtu_import_results_media:labelMukurtu Import Results: Media,Mukurtu Import Results: Media,x,x,,
views.view.mukurtu_import_results_media:display:default:display_titleDefault,Default,,,,
views.view.mukurtu_import_results_media:display:default:display_options:titleMukurtu Import Results: Media,Mukurtu Import Results: Media,x,x,,
views.view.mukurtu_import_results_media:display:default:display_options:fields:name:labelName,Name,x,x,,
views.view.mukurtu_import_results_media:display:default:display_options:fields:status:labelPublished,Published,x,x,,
views.view.mukurtu_import_results_media:display:default:display_options:fields:bundle:labelMedia type,Media type,x,x,,
views.view.mukurtu_import_results_media:display:default:display_options:fields:changed:labelChanged,Changed,x,x,,
views.view.mukurtu_import_results_media:display:default:display_options:pager:options:tags:nextNext ›,Next ›,x,x,,
views.view.mukurtu_import_results_media:display:default:display_options:pager:options:tags:previous‹ Previous,‹ Previous,x,x,,
views.view.mukurtu_import_results_media:display:default:display_options:pager:options:tags:first« First,« First,x,x,,
views.view.mukurtu_import_results_media:display:default:display_options:pager:options:tags:lastLast »,Last »,x,x,,
views.view.mukurtu_import_results_media:display:default:display_options:pager:options:expose:items_per_page_labelItems per page,Items per page,x,x,,
views.view.mukurtu_import_results_media:display:default:display_options:pager:options:expose:items_per_page_options_all_label- All -,- All -,x,x,,
views.view.mukurtu_import_results_media:display:default:display_options:pager:options:expose:offset_labelOffset,Offset,,,,
views.view.mukurtu_import_results_media:display:default:display_options:exposed_form:options:submit_buttonApply,Apply,x,x,,
views.view.mukurtu_import_results_media:display:default:display_options:exposed_form:options:reset_button_labelReset,Reset,x,x,,
views.view.mukurtu_import_results_media:display:default:display_options:exposed_form:options:exposed_sorts_labelSort by,Sort by,x,x,,
views.view.mukurtu_import_results_media:display:default:display_options:exposed_form:options:sort_asc_labelAsc,Asc,,,,
views.view.mukurtu_import_results_media:display:default:display_options:exposed_form:options:sort_desc_labelDesc,Desc,,,,
views.view.mukurtu_import_results_media:display:default:display_options:arguments:revision_log_message:exception:titleAll,All,x,x,,
views.view.mukurtu_import_results_media:display:default:display_options:header:result:contentMedia imported: @total,Media imported: @total,x,x,,
views.view.mukurtu_import_results_media:display:default:display_options:footer:result:contentDisplaying @start - @end of @total,Displaying @start - @end of @total,x,x,,
views.view.mukurtu_import_results_media:display:results:display_titleBlock,Block,x,x,,
views.view.mukurtu_manage_all_content:labelMukurtu Manage All Content,Mukurtu Manage All Content,x,x,,
views.view.mukurtu_manage_all_content:display:default:display_titleDefault,Default,,,,
views.view.mukurtu_manage_all_content:display:default:display_options:titleMukurtu Manage All Content,Mukurtu Manage All Content,x,x,,
views.view.mukurtu_manage_all_content:display:default:display_options:fields:views_bulk_operations_bulk_form:labelOperations,Operations,,,,
views.view.mukurtu_manage_all_content:display:default:display_options:fields:type:labelContent type,Content type,x,x,,
views.view.mukurtu_manage_all_content:display:default:display_options:fields:field_category:labelCategory,Category,x,x,,
views.view.mukurtu_manage_all_content:display:default:display_options:fields:field_keywords:labelKeywords,Keywords,x,x,,
views.view.mukurtu_manage_all_content:display:default:display_options:fields:changed:labelChanged,Changed,x,x,,
views.view.mukurtu_manage_all_content:display:default:display_options:fields:status:labelPublished,Published,x,x,,
views.view.mukurtu_manage_all_content:display:default:display_options:fields:uid:labelAuthored by,Authored by,x,x,,
views.view.mukurtu_manage_all_content:display:default:display_options:pager:options:expose:items_per_page_labelItems per page,Items per page,x,x,,
views.view.mukurtu_manage_all_content:display:default:display_options:pager:options:expose:items_per_page_options_all_label- All -,- All -,x,x,,
views.view.mukurtu_manage_all_content:display:default:display_options:pager:options:expose:offset_labelOffset,Offset,,,,
views.view.mukurtu_manage_all_content:display:default:display_options:exposed_form:options:submit_buttonSearch,Search,x,x,,
views.view.mukurtu_manage_all_content:display:default:display_options:exposed_form:options:reset_button_labelReset,Reset,x,x,,
views.view.mukurtu_manage_all_content:display:default:display_options:exposed_form:options:exposed_sorts_labelSort by,Sort by,x,x,,
views.view.mukurtu_manage_all_content:display:default:display_options:exposed_form:options:sort_asc_labelAsc,Asc,,,,
views.view.mukurtu_manage_all_content:display:default:display_options:exposed_form:options:sort_desc_labelDesc,Desc,,,,
views.view.mukurtu_manage_all_content:display:default:display_options:filters:status:expose:labelPublished,Published,x,x,,
views.view.mukurtu_manage_all_content:display:default:display_options:filters:type:expose:labelContent type,Content type,x,x,,
views.view.mukurtu_manage_all_content:display:default:display_options:filters:title:expose:labelTitle,Title,x,x,,
views.view.mukurtu_manage_all_content:display:default:display_options:filters:field_category_target_id:expose:labelCategory,Category,x,x,,
views.view.mukurtu_manage_all_content:display:default:display_options:filters:field_keywords_target_id:expose:labelKeywords,Keywords,x,x,,
views.view.mukurtu_manage_all_content:display:mukurtu_manage_content:display_titlePage,Page,x,x,,
views.view.mukurtu_media:labelMukurtu Media,Mukurtu Media,x,x,,
views.view.mukurtu_media:descriptionFind and manage media.,Find and manage media.,x,x,,
views.view.mukurtu_media:display:default:display_titleDefault,Default,,,,
views.view.mukurtu_media:display:default:display_options:titleMedia,Media,x,x,,
views.view.mukurtu_media:display:default:display_options:fields:media_bulk_form:action_titleAction,Action,x,x,,
views.view.mukurtu_media:display:default:display_options:fields:thumbnail__target_id:labelThumbnail,Thumbnail,x,x,,
views.view.mukurtu_media:display:default:display_options:fields:name:labelMedia name,Media name,x,x,,
views.view.mukurtu_media:display:default:display_options:fields:bundle:labelType,Type,x,x,,
views.view.mukurtu_media:display:default:display_options:fields:uid:labelAuthor,Author,x,x,,
views.view.mukurtu_media:display:default:display_options:fields:status:labelStatus,Status,x,x,,
views.view.mukurtu_media:display:default:display_options:fields:status:settings:format_custom_falseUnpublished,Unpublished,x,x,,
views.view.mukurtu_media:display:default:display_options:fields:status:settings:format_custom_truePublished,Published,x,x,,
views.view.mukurtu_media:display:default:display_options:fields:changed:labelUpdated,Updated,x,x,,
views.view.mukurtu_media:display:default:display_options:fields:operations:labelOperations,Operations,x,x,,
views.view.mukurtu_media:display:default:display_options:pager:options:tags:nextNext ›,Next ›,x,x,,
views.view.mukurtu_media:display:default:display_options:pager:options:tags:previous‹ Previous,‹ Previous,x,x,,
views.view.mukurtu_media:display:default:display_options:pager:options:tags:first« First,« First,x,x,,
views.view.mukurtu_media:display:default:display_options:pager:options:tags:lastLast »,Last »,x,x,,
views.view.mukurtu_media:display:default:display_options:pager:options:expose:items_per_page_labelItems per page,Items per page,x,x,,
views.view.mukurtu_media:display:default:display_options:pager:options:expose:items_per_page_options_all_label- All -,- All -,x,x,,
views.view.mukurtu_media:display:default:display_options:pager:options:expose:offset_labelOffset,Offset,,,,
views.view.mukurtu_media:display:default:display_options:exposed_form:options:submit_buttonFilter,Filter,x,x,,
views.view.mukurtu_media:display:default:display_options:exposed_form:options:reset_button_labelReset,Reset,x,x,,
views.view.mukurtu_media:display:default:display_options:exposed_form:options:exposed_sorts_labelSort by,Sort by,x,x,,
views.view.mukurtu_media:display:default:display_options:exposed_form:options:sort_asc_labelAsc,Asc,,,,
views.view.mukurtu_media:display:default:display_options:exposed_form:options:sort_desc_labelDesc,Desc,,,,
views.view.mukurtu_media:display:default:display_options:empty:area_text_custom:contentNo media available.,No media available.,x,x,,
views.view.mukurtu_media:display:default:display_options:filters:name:expose:labelMedia name,Media name,x,x,,
views.view.mukurtu_media:display:default:display_options:filters:bundle:expose:labelType,Type,x,x,,
views.view.mukurtu_media:display:default:display_options:filters:status:expose:labelTrue,TRUE,,,,
views.view.mukurtu_media:display:default:display_options:filters:status:group_info:labelPublished status,Published status,x,x,,
views.view.mukurtu_media:display:default:display_options:filters:status:group_info:group_items:1:titlePublished,Published,x,x,,
views.view.mukurtu_media:display:default:display_options:filters:status:group_info:group_items:2:titleUnpublished,Unpublished,x,x,,
views.view.mukurtu_media:display:default:display_options:filters:langcode:expose:labelLanguage,Language,x,x,,
views.view.mukurtu_media:display:media_page_list:display_titleMedia,Media,x,x,,
views.view.mukurtu_media:display:media_page_list:display_options:menu:titleMedia,Media,x,x,,
views.view.mukurtu_message_log:labelMukurtu Message Log,Mukurtu Message Log,x,,,
views.view.mukurtu_message_log:display:default:display_titleMaster,Master,x,,,
views.view.mukurtu_message_log:display:default:display_options:titleMukurtu Message Log,Mukurtu Message Log,x,,,
views.view.mukurtu_message_log:display:default:display_options:pager:options:expose:items_per_page_labelItems per page,Items per page,x,,,
views.view.mukurtu_message_log:display:default:display_options:pager:options:expose:items_per_page_options_all_label- All -,- All -,x,,,
views.view.mukurtu_message_log:display:default:display_options:pager:options:expose:offset_labelOffset,Offset,,,,
views.view.mukurtu_message_log:display:default:display_options:exposed_form:options:submit_buttonApply,Apply,x,,,
views.view.mukurtu_message_log:display:default:display_options:exposed_form:options:reset_button_labelReset,Reset,x,,,
views.view.mukurtu_message_log:display:default:display_options:exposed_form:options:exposed_sorts_labelSort by,Sort by,x,,,
views.view.mukurtu_message_log:display:default:display_options:exposed_form:options:sort_asc_labelAsc,Asc,,,,
views.view.mukurtu_message_log:display:default:display_options:exposed_form:options:sort_desc_labelDesc,Desc,,,,
views.view.mukurtu_message_log:display:default:display_options:empty:area:content:valueNo recent activity.,No recent activity.,x,,,
views.view.mukurtu_message_log:display:mukurtu_message_log_block:display_titleBlock,Block,x,,,
views.view.mukurtu_migrate_results:labelMukurtu Migrate Results,Mukurtu Migrate Results,x,,,
views.view.mukurtu_migrate_results:display:default:display_titleDefault,Default,,,,
views.view.mukurtu_migrate_results:display:default:display_options:titleMukurtu Migrate Results,Mukurtu Migrate Results,x,,,
views.view.mukurtu_migrate_results:display:default:display_options:fields:message:labelMessage,Message,x,,,
views.view.mukurtu_migrate_results:display:default:display_options:pager:options:tags:nextNext ›,Next ›,x,,,
views.view.mukurtu_migrate_results:display:default:display_options:pager:options:tags:previous‹ Previous,‹ Previous,x,,,
views.view.mukurtu_migrate_results:display:default:display_options:pager:options:tags:first« First,« First,x,,,
views.view.mukurtu_migrate_results:display:default:display_options:pager:options:tags:lastLast »,Last »,x,,,
views.view.mukurtu_migrate_results:display:default:display_options:pager:options:expose:items_per_page_labelItems per page,Items per page,x,,,
views.view.mukurtu_migrate_results:display:default:display_options:pager:options:expose:items_per_page_options_all_label- All -,- All -,x,,,
views.view.mukurtu_migrate_results:display:default:display_options:pager:options:expose:offset_labelOffset,Offset,,,,
views.view.mukurtu_migrate_results:display:default:display_options:exposed_form:options:submit_buttonApply,Apply,x,,,
views.view.mukurtu_migrate_results:display:default:display_options:exposed_form:options:reset_button_labelReset,Reset,x,,,
views.view.mukurtu_migrate_results:display:default:display_options:exposed_form:options:exposed_sorts_labelSort by,Sort by,x,,,
views.view.mukurtu_migrate_results:display:default:display_options:exposed_form:options:sort_asc_labelAsc,Asc,,,,
views.view.mukurtu_migrate_results:display:default:display_options:exposed_form:options:sort_desc_labelDesc,Desc,,,,
views.view.mukurtu_migrate_results:display:failure_block:display_titleNon-successful Migrations,Non-successful Migrations,x,,,
views.view.mukurtu_migrate_results:display:failure_block:display_options:fields:message:labelMessage,Message,x,,,
views.view.mukurtu_migrate_results:display:failure_block:display_options:fields:severity:labelSeverity,Severity,x,,,
"views.view.mukurtu_migrate_results:display:failure_block:display_options:fields:severity:alter:text{% if severity == ""0"" %}
Emergency
{% elseif severity== ""1"" %}
Alert
{% elseif severity == ""2"" %}
Critical
{% elseif severity == ""3"" %}
Error
{% elseif severity == ""4"" %}
Warning
{% elseif severity == ""5"" %}
Notice
{% elseif severity == ""6"" %}
Info
{% elseif severity == ""7"" %}
Debug
{% else %}
Unknown
{% endif %}","{% if severity == ""0"" %}
Emergency
{% elseif severity== ""1"" %}
Alert
{% elseif severity == ""2"" %}
Critical
{% elseif severity == ""3"" %}
Error
{% elseif severity == ""4"" %}
Warning
{% elseif severity == ""5"" %}
Notice
{% elseif severity == ""6"" %}
Info
{% elseif severity == ""7"" %}
Debug
{% else %}
Unknown
{% endif %}",x,,,
views.view.mukurtu_migrate_results:display:failure_block:display_options:header:area:content:value<h2>Migration Failures and Warnings</h2>,<h2>Migration Failures and Warnings</h2>,x,,,
views.view.mukurtu_migrate_results:display:success_block:display_titleSuccessful Migrations,Successful Migrations,x,,,
views.view.mukurtu_migrate_results:display:success_block:display_options:header:area:content:value<h2>Successful Migration Steps</h2>,<h2>Successful Migration Steps</h2>,x,,,
views.view.mukurtu_people:labelMukurtu People,Mukurtu People,x,x,x,
views.view.mukurtu_people:descriptionFind and manage people interacting with your site.,Find and manage people interacting with your site.,x,x,,
views.view.mukurtu_people:display:default:display_titleDefault,Default,,,,
views.view.mukurtu_people:display:default:display_options:titleSite Users,Site Users,x,x,,
views.view.mukurtu_people:display:default:display_options:fields:views_bulk_operations_bulk_form:labelViews bulk operations,Views bulk operations,x,x,,
views.view.mukurtu_people:display:default:display_options:fields:name:labelUsername,Username,x,x,,
views.view.mukurtu_people:display:default:display_options:fields:field_display_name:labelDisplay Name,Display Name,x,x,,
views.view.mukurtu_people:display:default:display_options:fields:communities:labelCommunities,Communities,x,x,,
views.view.mukurtu_people:display:default:display_options:fields:created:labelMember for,Member for,x,x,,
views.view.mukurtu_people:display:default:display_options:fields:created:settings:future_format@interval,@interval,x,x,,
views.view.mukurtu_people:display:default:display_options:fields:created:settings:past_format@interval,@interval,x,x,,
views.view.mukurtu_people:display:default:display_options:fields:operations:labelOperations,Operations,,,,
views.view.mukurtu_people:display:default:display_options:pager:options:tags:nextNext ›,Next ›,x,x,,
views.view.mukurtu_people:display:default:display_options:pager:options:tags:previous‹ Previous,‹ Previous,x,x,,
views.view.mukurtu_people:display:default:display_options:pager:options:tags:first« First,« First,x,x,,
views.view.mukurtu_people:display:default:display_options:pager:options:tags:lastLast »,Last »,x,x,,
views.view.mukurtu_people:display:default:display_options:pager:options:expose:items_per_page_labelItems per page,Items per page,x,x,,
views.view.mukurtu_people:display:default:display_options:pager:options:expose:items_per_page_options_all_label- All -,- All -,x,x,,
views.view.mukurtu_people:display:default:display_options:pager:options:expose:offset_labelOffset,Offset,,,,
views.view.mukurtu_people:display:default:display_options:exposed_form:options:submit_buttonFilter,Filter,x,x,,
views.view.mukurtu_people:display:default:display_options:exposed_form:options:reset_button_labelReset,Reset,x,x,,
views.view.mukurtu_people:display:default:display_options:exposed_form:options:exposed_sorts_labelSort by,Sort by,x,x,,
views.view.mukurtu_people:display:default:display_options:exposed_form:options:sort_asc_labelAsc,Asc,,,,
views.view.mukurtu_people:display:default:display_options:exposed_form:options:sort_desc_labelDesc,Desc,,,,
views.view.mukurtu_people:display:default:display_options:empty:area_text_custom:contentNo people available.,No people available.,x,x,,
views.view.mukurtu_people:display:default:display_options:filters:combine:expose:labelName or email contains,Name or email contains,x,x,,
views.view.mukurtu_people:display:default:display_options:use_more_textmore,more,x,x,,
views.view.mukurtu_people:display:page_1:display_titleCommunities,Communities,x,x,,
views.view.mukurtu_people:display:page_1:display_options:menu:titleManage Users,Manage Users,x,x,,
views.view.mukurtu_people:display:page_1:display_options:menu:descriptionFind and manage people interacting with your site.,Find and manage people interacting with your site.,x,x,,
views.view.mukurtu_people:display:page_1:display_options:tab_options:titlePeople,People,x,x,,
"views.view.mukurtu_people:display:page_1:display_options:tab_options:descriptionManage user accounts, roles, and permissions.","Manage user accounts, roles, and permissions.",x,x,,
views.view.mukurtu_recent_content:labelMukurtu Recent Content,Mukurtu Recent Content,x,x,,
views.view.mukurtu_recent_content:display:default:display_titleDefault,Default,,,,
views.view.mukurtu_recent_content:display:default:display_options:titleAll Recent Content,All Recent Content,x,x,x,
views.view.mukurtu_recent_content:display:default:display_options:exposed_form:options:submit_buttonApply,Apply,x,x,x,
views.view.mukurtu_recent_content:display:default:display_options:exposed_form:options:reset_button_labelReset,Reset,x,x,x,
views.view.mukurtu_recent_content:display:default:display_options:exposed_form:options:exposed_sorts_labelSort by,Sort by,x,x,x,
views.view.mukurtu_recent_content:display:default:display_options:exposed_form:options:sort_asc_labelAsc,Asc,,,,
views.view.mukurtu_recent_content:display:default:display_options:exposed_form:options:sort_desc_labelDesc,Desc,,,,
views.view.mukurtu_recent_content:display:default:display_options:header:area:content:value<h2>[view:title]</h2>,<h2>[view:title]</h2>,,,,
views.view.mukurtu_recent_content:display:all_recent_content_block:display_titleAll Recent Content,All Recent Content,x,x,x,
views.view.mukurtu_recent_content:display:user_recent_content_block:display_titleMy Recent Content,My Recent Content,x,x,x,
views.view.mukurtu_recent_content:display:user_recent_content_block:display_options:titleMy Recent Content,My Recent Content,x,x,x,
views.view.mukurtu_recent_content:display:user_recent_content_block:display_options:arguments:uid:exception:titleAll,All,x,x,x,
views.view.mukurtu_taxonomy_references:labelMukurtu Taxonomy References,Mukurtu Taxonomy References,x,x,,
views.view.mukurtu_taxonomy_references:display:default:display_titleDefault,Default,,,,
views.view.mukurtu_taxonomy_references:display:default:display_options:titleMukurtu Taxonomy References,Mukurtu Taxonomy References,x,x,,
views.view.mukurtu_taxonomy_references:display:default:display_options:pager:options:tags:nextNext ›,Next ›,x,x,,
views.view.mukurtu_taxonomy_references:display:default:display_options:pager:options:tags:previous‹ Previous,‹ Previous,x,x,,
views.view.mukurtu_taxonomy_references:display:default:display_options:pager:options:tags:first« First,« First,x,x,,
views.view.mukurtu_taxonomy_references:display:default:display_options:pager:options:tags:lastLast »,Last »,x,x,,
views.view.mukurtu_taxonomy_references:display:default:display_options:pager:options:expose:items_per_page_labelItems per page,Items per page,x,x,,
views.view.mukurtu_taxonomy_references:display:default:display_options:pager:options:expose:items_per_page_options_all_label- All -,- All -,x,x,,
views.view.mukurtu_taxonomy_references:display:default:display_options:pager:options:expose:offset_labelOffset,Offset,,,,
views.view.mukurtu_taxonomy_references:display:default:display_options:exposed_form:options:submit_buttonApply,Apply,x,x,,
views.view.mukurtu_taxonomy_references:display:default:display_options:exposed_form:options:reset_button_labelReset,Reset,x,x,,
views.view.mukurtu_taxonomy_references:display:default:display_options:exposed_form:options:exposed_sorts_labelSort by,Sort by,x,x,,
views.view.mukurtu_taxonomy_references:display:default:display_options:exposed_form:options:sort_asc_labelAsc,Asc,,,,
views.view.mukurtu_taxonomy_references:display:default:display_options:exposed_form:options:sort_desc_labelDesc,Desc,,,,
views.view.mukurtu_taxonomy_references:display:default:display_options:sorts:search_api_relevance:expose:labelRelevance,Relevance,x,x,,
views.view.mukurtu_taxonomy_references:display:default:display_options:sorts:node_changed:expose:labelMost Recently Updated,Most Recently Updated,x,x,,
views.view.mukurtu_taxonomy_references:display:default:display_options:sorts:node_title:expose:labelTitle,Title,x,x,,
views.view.mukurtu_taxonomy_references:display:default:display_options:sorts:node_created:expose:labelDate Added (Newest),Date Added (Newest),x,x,,
views.view.mukurtu_taxonomy_references:display:default:display_options:sorts:node_created_1:expose:labelDate Added (Oldest),Date Added (Oldest),x,x,,
views.view.mukurtu_taxonomy_references:display:default:display_options:filters:search_api_fulltext:admin_labelTaxonomy UUID,Taxonomy UUID,x,x,,
views.view.mukurtu_taxonomy_references:display:default:display_options:filters:search_api_fulltext:expose:labelSearch,Search,x,x,,
views.view.mukurtu_taxonomy_references:display:default:display_options:filters:search_api_fulltext_1:expose:labelSearch,Search,x,x,,
views.view.mukurtu_taxonomy_references:display:content_block:display_titleContent,Content,x,x,,
views.view.multipage_item_browser:labelMultipage Item Browser,Multipage Item Browser,x,x,x,
views.view.multipage_item_browser:descriptionProvides a default View for the Content Browser provided Entity Browser,Provides a default View for the Content Browser provided Entity Browser,x,x,,
views.view.multipage_item_browser:display:default:display_titleMaster,Master,,,,
views.view.multipage_item_browser:display:default:display_options:fields:type:labelContent type,Content type,x,x,,
views.view.multipage_item_browser:display:default:display_options:pager:options:tags:nextNext ›,Next ›,x,x,x,
views.view.multipage_item_browser:display:default:display_options:pager:options:tags:previous‹ Previous,‹ Previous,x,x,x,
views.view.multipage_item_browser:display:default:display_options:pager:options:tags:first« First,« First,x,x,x,
views.view.multipage_item_browser:display:default:display_options:pager:options:tags:lastLast »,Last »,x,x,x,
views.view.multipage_item_browser:display:default:display_options:pager:options:expose:items_per_page_labelItems per page,Items per page,x,x,x,
views.view.multipage_item_browser:display:default:display_options:pager:options:expose:items_per_page_options_all_label- All -,- All -,x,x,x,
views.view.multipage_item_browser:display:default:display_options:pager:options:expose:offset_labelOffset,Offset,,,,
views.view.multipage_item_browser:display:default:display_options:exposed_form:options:submit_buttonApply,Apply,x,x,x,
views.view.multipage_item_browser:display:default:display_options:exposed_form:options:reset_button_labelReset,Reset,x,x,x,
views.view.multipage_item_browser:display:default:display_options:exposed_form:options:exposed_sorts_labelSort by,Sort by,x,x,x,
views.view.multipage_item_browser:display:default:display_options:exposed_form:options:sort_asc_labelAsc,Asc,,,,
views.view.multipage_item_browser:display:default:display_options:exposed_form:options:sort_desc_labelDesc,Desc,,,,
views.view.multipage_item_browser:display:default:display_options:sorts:created:expose:labelAuthored on,Authored on,x,x,,
views.view.multipage_item_browser:display:default:display_options:arguments:type:exception:titleAll,All,x,x,x,
views.view.multipage_item_browser:display:default:display_options:filters:type:expose:labelType,Type,x,x,x,
views.view.multipage_item_browser:display:default:display_options:filters:title:expose:labelTitle,Title,x,x,x,
views.view.multipage_item_browser:display:entity_browser:display_titleEntity browser,Entity browser,,,,
views.view.my_personal_collections:labelMy Personal Collections,My Personal Collections,x,x,x,
views.view.my_personal_collections:display:default:display_titleDefault,Default,,,,
views.view.my_personal_collections:display:default:display_options:titleMy Personal Collections,My Personal Collections,x,x,x,
views.view.my_personal_collections:display:default:display_options:pager:options:tags:nextNext ›,Next ›,x,x,x,
views.view.my_personal_collections:display:default:display_options:pager:options:tags:previous‹ Previous,‹ Previous,x,x,x,
views.view.my_personal_collections:display:default:display_options:pager:options:tags:first« First,« First,x,x,x,
views.view.my_personal_collections:display:default:display_options:pager:options:tags:lastLast »,Last »,x,x,x,
views.view.my_personal_collections:display:default:display_options:pager:options:expose:items_per_page_labelItems per page,Items per page,x,x,x,
views.view.my_personal_collections:display:default:display_options:pager:options:expose:items_per_page_options_all_label- All -,- All -,x,x,x,
views.view.my_personal_collections:display:default:display_options:pager:options:expose:offset_labelOffset,Offset,,,,
views.view.my_personal_collections:display:default:display_options:exposed_form:options:submit_buttonApply,Apply,x,x,x,
views.view.my_personal_collections:display:default:display_options:exposed_form:options:reset_button_labelReset,Reset,x,x,x,
views.view.my_personal_collections:display:default:display_options:exposed_form:options:exposed_sorts_labelSort by,Sort by,x,x,x,
views.view.my_personal_collections:display:default:display_options:exposed_form:options:sort_asc_labelAsc,Asc,,,,
views.view.my_personal_collections:display:default:display_options:exposed_form:options:sort_desc_labelDesc,Desc,,,,
views.view.my_personal_collections:display:my_personal_collections_block:display_titleBlock,Block,,,,
views.view.og_members_overview:labelMembers overview,Members overview,x,x,,
views.view.og_members_overview:descriptionOverview of the existing group members,Overview of the existing group members,x,x,,
views.view.og_members_overview:display:default:display_titleMaster,Master,x,x,,
views.view.og_members_overview:display:default:display_options:exposed_form:options:submit_buttonApply,Apply,x,x,,
views.view.og_members_overview:display:default:display_options:exposed_form:options:reset_button_labelReset,Reset,x,x,,
views.view.og_members_overview:display:default:display_options:exposed_form:options:exposed_sorts_labelSort by,Sort by,x,x,,
views.view.og_members_overview:display:default:display_options:exposed_form:options:sort_asc_labelAsc,Asc,,,,
views.view.og_members_overview:display:default:display_options:exposed_form:options:sort_desc_labelDesc,Desc,,,,
views.view.og_members_overview:display:default:display_options:pager:options:tags:first« First,« First,x,x,,
views.view.og_members_overview:display:default:display_options:pager:options:tags:lastLast »,Last »,x,x,,
views.view.og_members_overview:display:default:display_options:pager:options:expose:items_per_page_labelItems per page,Items per page,x,x,,
views.view.og_members_overview:display:default:display_options:pager:options:expose:items_per_page_options_all_label- All -,- All -,x,x,,
views.view.og_members_overview:display:default:display_options:pager:options:expose:offset_labelOffset,Offset,,,,
views.view.og_members_overview:display:default:display_options:fields:og_membership_bulk_form:labelBulk update,Bulk update,x,x,,
views.view.og_members_overview:display:default:display_options:fields:og_membership_bulk_form:action_titleAction,Action,x,x,,
views.view.og_members_overview:display:default:display_options:fields:name:labelName,Name,x,x,,
views.view.og_members_overview:display:default:display_options:fields:created:labelMember since,Member since,x,x,,
views.view.og_members_overview:display:default:display_options:fields:state:labelState,State,x,x,,
views.view.og_members_overview:display:default:display_options:fields:roles_target_id:labelRoles,Roles,x,x,,
views.view.og_members_overview:display:default:display_options:fields:operations:labelOperations links,Operations links,x,x,,
views.view.og_members_overview:display:default:display_options:empty:area_text_custom:admin_labelNo results text,No results text,x,x,,
views.view.og_members_overview:display:default:display_options:empty:area_text_custom:contentThere are no members that belong to this group.,There are no members that belong to this group.,x,x,,
views.view.og_members_overview:display:default:display_options:arguments:entity_type:exception:titleAll,All,x,x,,
views.view.og_members_overview:display:default:display_options:arguments:entity_id:exception:titleAll,All,x,x,,
views.view.redirect:labelRedirect,Redirect,x,,,
views.view.redirect:descriptionList of redirects,List of redirects,x,,,
views.view.redirect:display:default:display_titleMaster,Master,,,,
views.view.redirect:display:default:display_options:exposed_form:options:submit_buttonFilter,Filter,x,,,
views.view.redirect:display:default:display_options:exposed_form:options:reset_button_labelReset,Reset,x,,,
views.view.redirect:display:default:display_options:exposed_form:options:exposed_sorts_labelSort by,Sort by,x,,,
views.view.redirect:display:default:display_options:exposed_form:options:sort_asc_labelAsc,Asc,,,,
views.view.redirect:display:default:display_options:exposed_form:options:sort_desc_labelDesc,Desc,,,,
views.view.redirect:display:default:display_options:pager:options:tags:previous‹ previous,‹ previous,x,,,
views.view.redirect:display:default:display_options:pager:options:tags:nextnext ›,next ›,x,,,
views.view.redirect:display:default:display_options:pager:options:tags:first« first,« first,x,,,
views.view.redirect:display:default:display_options:pager:options:tags:lastlast »,last »,x,,,
views.view.redirect:display:default:display_options:pager:options:expose:items_per_page_labelItems per page,Items per page,x,,,
views.view.redirect:display:default:display_options:pager:options:expose:items_per_page_options_all_label- All -,- All -,x,,,
views.view.redirect:display:default:display_options:pager:options:expose:offset_labelOffset,Offset,,,,
views.view.redirect:display:default:display_options:fields:redirect_bulk_form:action_titleWith selection,With selection,x,,,
views.view.redirect:display:default:display_options:fields:redirect_source__path:labelFrom,From,x,,,
views.view.redirect:display:default:display_options:fields:enabled:labelEnabled,Enabled,x,,,
views.view.redirect:display:default:display_options:fields:created:labelCreated,Created,x,,,
views.view.redirect:display:default:display_options:filters:redirect_source__path:expose:labelFrom,From,x,,,
views.view.redirect:display:default:display_options:filters:redirect_redirect__uri:expose:labelTo,To,x,,,
views.view.redirect:display:default:display_options:filters:status_code:expose:labelStatus code,Status code,x,,,
views.view.redirect:display:default:display_options:filters:status_code:group_info:labelStatus code,Status code,x,,,
views.view.redirect:display:default:display_options:filters:status_code:group_info:group_items:1:title300 Multiple Choices,300 Multiple Choices,x,,,
views.view.redirect:display:default:display_options:filters:status_code:group_info:group_items:2:title301 Moved Permanently,301 Moved Permanently,x,,,
views.view.redirect:display:default:display_options:filters:status_code:group_info:group_items:3:title302 Found,302 Found,x,,,
views.view.redirect:display:default:display_options:filters:status_code:group_info:group_items:4:title303 See Other,303 See Other,x,,,
views.view.redirect:display:default:display_options:filters:status_code:group_info:group_items:5:title304 Not Modified,304 Not Modified,x,,,
views.view.redirect:display:default:display_options:filters:status_code:group_info:group_items:6:title305 Use Proxy,305 Use Proxy,x,,,
views.view.redirect:display:default:display_options:filters:status_code:group_info:group_items:7:title307 Temporary Redirect,307 Temporary Redirect,x,,,
views.view.redirect:display:default:display_options:filters:language:expose:labelOriginal language,Original language,x,,,
views.view.redirect:display:default:display_options:titleRedirect,Redirect,x,,,
views.view.redirect:display:default:display_options:empty:area_text_custom:contentThere is no redirect yet.,There is no redirect yet.,x,,,
views.view.redirect:display:page_1:display_titlePage,Page,x,,,
views.view.subscribe_node:labelSubscribe node,Subscribe node,,,,
views.view.subscribe_node:display:default:display_titleMaster,Master,,,,
views.view.subscribe_node:display:default:display_options:exposed_form:options:submit_buttonApply,Apply,,,,
views.view.subscribe_node:display:default:display_options:exposed_form:options:reset_button_labelReset,Reset,,,,
views.view.subscribe_node:display:default:display_options:exposed_form:options:exposed_sorts_labelSort by,Sort by,,,,
views.view.subscribe_node:display:default:display_options:exposed_form:options:sort_asc_labelAsc,Asc,,,,
views.view.subscribe_node:display:default:display_options:exposed_form:options:sort_desc_labelDesc,Desc,,,,
views.view.subscribe_node:display:default:display_options:pager:options:expose:items_per_page_labelItems per page,Items per page,,,,
views.view.subscribe_node:display:default:display_options:pager:options:expose:items_per_page_options_all_label- All -,- All -,,,,
views.view.subscribe_node:display:default:display_options:pager:options:expose:offset_labelOffset,Offset,,,,
views.view.subscribe_node:display:default:display_options:empty:area_text_custom:contentYou are not subscribed to any items.,You are not subscribed to any items.,,,,
views.view.subscribe_node:display:default:display_options:arguments:uid:exception:titleAll,All,,,,
views.view.subscribe_node_email:labelSubscribe node email,Subscribe node email,,,,
views.view.subscribe_node_email:display:default:display_titleMaster,Master,,,,
views.view.subscribe_node_email:display:default:display_options:exposed_form:options:submit_buttonApply,Apply,,,,
views.view.subscribe_node_email:display:default:display_options:exposed_form:options:reset_button_labelReset,Reset,,,,
views.view.subscribe_node_email:display:default:display_options:exposed_form:options:exposed_sorts_labelSort by,Sort by,,,,
views.view.subscribe_node_email:display:default:display_options:exposed_form:options:sort_asc_labelAsc,Asc,,,,
views.view.subscribe_node_email:display:default:display_options:exposed_form:options:sort_desc_labelDesc,Desc,,,,
views.view.subscribe_node_email:display:default:display_options:pager:options:expose:items_per_page_labelItems per page,Items per page,,,,
views.view.subscribe_node_email:display:default:display_options:pager:options:expose:items_per_page_options_all_label- All -,- All -,,,,
views.view.subscribe_node_email:display:default:display_options:pager:options:expose:offset_labelOffset,Offset,,,,
views.view.subscribe_node_email:display:default:display_options:empty:area_text_custom:contentYou are not subscribed to any items.,You are not subscribed to any items.,,,,
views.view.subscribe_node_email:display:default:display_options:arguments:uid:exception:titleAll,All,,,,
views.view.subscribe_taxonomy_term:labelSubscribe taxonomy term,Subscribe taxonomy term,,,,
views.view.subscribe_taxonomy_term:display:default:display_titleMaster,Master,,,,
views.view.subscribe_taxonomy_term:display:default:display_options:exposed_form:options:submit_buttonApply,Apply,,,,
views.view.subscribe_taxonomy_term:display:default:display_options:exposed_form:options:reset_button_labelReset,Reset,,,,
views.view.subscribe_taxonomy_term:display:default:display_options:exposed_form:options:exposed_sorts_labelSort by,Sort by,,,,
views.view.subscribe_taxonomy_term:display:default:display_options:exposed_form:options:sort_asc_labelAsc,Asc,,,,
views.view.subscribe_taxonomy_term:display:default:display_options:exposed_form:options:sort_desc_labelDesc,Desc,,,,
views.view.subscribe_taxonomy_term:display:default:display_options:pager:options:expose:items_per_page_labelItems per page,Items per page,,,,
views.view.subscribe_taxonomy_term:display:default:display_options:pager:options:expose:items_per_page_options_all_label- All -,- All -,,,,
views.view.subscribe_taxonomy_term:display:default:display_options:pager:options:expose:offset_labelOffset,Offset,,,,
views.view.subscribe_taxonomy_term:display:default:display_options:empty:area:content:valueYou are not subscribed to any items.,You are not subscribed to any items.,,,,
views.view.subscribe_taxonomy_term:display:default:display_options:arguments:uid:exception:titleAll,All,,,,
views.view.subscribe_taxonomy_term_email:labelSubscribe taxonomy term email,Subscribe taxonomy term email,,,,
views.view.subscribe_taxonomy_term_email:display:default:display_titleMaster,Master,,,,
views.view.subscribe_taxonomy_term_email:display:default:display_options:exposed_form:options:submit_buttonApply,Apply,,,,
views.view.subscribe_taxonomy_term_email:display:default:display_options:exposed_form:options:reset_button_labelReset,Reset,,,,
views.view.subscribe_taxonomy_term_email:display:default:display_options:exposed_form:options:exposed_sorts_labelSort by,Sort by,,,,
views.view.subscribe_taxonomy_term_email:display:default:display_options:exposed_form:options:sort_asc_labelAsc,Asc,,,,
views.view.subscribe_taxonomy_term_email:display:default:display_options:exposed_form:options:sort_desc_labelDesc,Desc,,,,
views.view.subscribe_taxonomy_term_email:display:default:display_options:pager:options:expose:items_per_page_labelItems per page,Items per page,,,,
views.view.subscribe_taxonomy_term_email:display:default:display_options:pager:options:expose:items_per_page_options_all_label- All -,- All -,,,,
views.view.subscribe_taxonomy_term_email:display:default:display_options:pager:options:expose:offset_labelOffset,Offset,,,,
views.view.subscribe_taxonomy_term_email:display:default:display_options:empty:area:content:valueYou are not subscribed to any items.,You are not subscribed to any items.,,,,
views.view.subscribe_taxonomy_term_email:display:default:display_options:arguments:uid:exception:titleAll,All,,,,
views.view.taxonomy_term:labelTaxonomy term,Taxonomy term,x,x,,
views.view.taxonomy_term:descriptionContent belonging to a certain taxonomy term.,Content belonging to a certain taxonomy term.,x,x,,
views.view.taxonomy_term:display:default:display_titleDefault,Default,,,,
views.view.taxonomy_term:display:default:display_options:pager:options:expose:items_per_page_labelItems per page,Items per page,x,x,,
views.view.taxonomy_term:display:default:display_options:pager:options:expose:items_per_page_options_all_label- All -,- All -,x,x,,
views.view.taxonomy_term:display:default:display_options:pager:options:expose:offset_labelOffset,Offset,,,,
views.view.taxonomy_term:display:default:display_options:exposed_form:options:submit_buttonApply,Apply,x,x,,
views.view.taxonomy_term:display:default:display_options:exposed_form:options:reset_button_labelReset,Reset,x,x,,
views.view.taxonomy_term:display:default:display_options:exposed_form:options:exposed_sorts_labelSort by,Sort by,x,x,,
views.view.taxonomy_term:display:default:display_options:exposed_form:options:sort_asc_labelAsc,Asc,,,,
views.view.taxonomy_term:display:default:display_options:exposed_form:options:sort_desc_labelDesc,Desc,,,,
views.view.taxonomy_term:display:default:display_options:arguments:tid:exception:titleAll,All,x,x,,
views.view.taxonomy_term:display:default:display_options:arguments:tid:title{{ arguments.tid }},{{ arguments.tid }},,,,
views.view.taxonomy_term:display:feed_1:display_titleFeed,Feed,x,x,,
views.view.taxonomy_term:display:page_1:display_titlePage,Page,x,x,,
views.view.user_admin_people:labelPeople,People,x,,,
views.view.user_admin_people:descriptionFind and manage people interacting with your site.,Find and manage people interacting with your site.,x,,,
views.view.user_admin_people:display:default:display_titleDefault,Default,x,,,
views.view.user_admin_people:display:default:display_options:titlePeople,People,x,,,
views.view.user_admin_people:display:default:display_options:fields:user_bulk_form:labelBulk update,Bulk update,x,,,
views.view.user_admin_people:display:default:display_options:fields:name:labelUsername,Username,x,,,
views.view.user_admin_people:display:default:display_options:fields:status:labelStatus,Status,x,,,
views.view.user_admin_people:display:default:display_options:fields:status:settings:format_custom_falseBlocked,Blocked,x,,,
views.view.user_admin_people:display:default:display_options:fields:status:settings:format_custom_trueActive,Active,x,,,
views.view.user_admin_people:display:default:display_options:fields:roles_target_id:labelRoles,Roles,x,,,
views.view.user_admin_people:display:default:display_options:fields:created:labelMember for,Member for,x,,,
views.view.user_admin_people:display:default:display_options:fields:created:settings:future_format@interval,@interval,x,,,
views.view.user_admin_people:display:default:display_options:fields:created:settings:past_format@interval,@interval,x,,,
views.view.user_admin_people:display:default:display_options:fields:access:labelLast access,Last access,x,,,
views.view.user_admin_people:display:default:display_options:fields:access:settings:future_format@interval hence,@interval hence,x,,,
views.view.user_admin_people:display:default:display_options:fields:access:settings:past_format@interval ago,@interval ago,x,,,
views.view.user_admin_people:display:default:display_options:fields:operations:labelOperations,Operations,x,,,
views.view.user_admin_people:display:default:display_options:pager:options:tags:nextNext ›,Next ›,x,,,
views.view.user_admin_people:display:default:display_options:pager:options:tags:previous‹ Previous,‹ Previous,x,,,
views.view.user_admin_people:display:default:display_options:pager:options:tags:first« First,« First,x,,,
views.view.user_admin_people:display:default:display_options:pager:options:tags:lastLast »,Last »,x,,,
views.view.user_admin_people:display:default:display_options:pager:options:expose:items_per_page_labelItems per page,Items per page,x,,,
views.view.user_admin_people:display:default:display_options:pager:options:expose:items_per_page_options_all_label- All -,- All -,x,,,
views.view.user_admin_people:display:default:display_options:pager:options:expose:offset_labelOffset,Offset,,,,
views.view.user_admin_people:display:default:display_options:exposed_form:options:submit_buttonFilter,Filter,x,,,
views.view.user_admin_people:display:default:display_options:exposed_form:options:reset_button_labelReset,Reset,x,,,
views.view.user_admin_people:display:default:display_options:exposed_form:options:exposed_sorts_labelSort by,Sort by,x,,,
views.view.user_admin_people:display:default:display_options:exposed_form:options:sort_asc_labelAsc,Asc,,,,
views.view.user_admin_people:display:default:display_options:exposed_form:options:sort_desc_labelDesc,Desc,,,,
views.view.user_admin_people:display:default:display_options:empty:area_text_custom:contentNo people available.,No people available.,x,,,
views.view.user_admin_people:display:default:display_options:filters:combine:expose:labelName or email contains,Name or email contains,x,,,
views.view.user_admin_people:display:default:display_options:filters:status:group_info:labelStatus,Status,x,,,
views.view.user_admin_people:display:default:display_options:filters:status:group_info:group_items:1:titleActive,Active,x,,,
views.view.user_admin_people:display:default:display_options:filters:status:group_info:group_items:2:titleBlocked,Blocked,x,,,
views.view.user_admin_people:display:default:display_options:filters:roles_target_id:expose:labelRole,Role,x,,,
views.view.user_admin_people:display:default:display_options:filters:permission:expose:labelPermission,Permission,x,,,
views.view.user_admin_people:display:default:display_options:use_more_textmore,more,x,,,
views.view.user_admin_people:display:page_1:display_titlePage,Page,x,,,
views.view.user_admin_people:display:page_1:display_options:menu:titleList,List,x,,,
views.view.user_admin_people:display:page_1:display_options:menu:descriptionFind and manage people interacting with your site.,Find and manage people interacting with your site.,x,,,
views.view.user_admin_people:display:page_1:display_options:tab_options:titlePeople,People,x,,,
"views.view.user_admin_people:display:page_1:display_options:tab_options:descriptionManage user accounts, roles, and permissions.","Manage user accounts, roles, and permissions.",x,,,
views.view.watchdog:labelWatchdog,Watchdog,x,,,
views.view.watchdog:descriptionRecent log messages,Recent log messages,x,,,
views.view.watchdog:display:default:display_titleDefault,Default,x,,,
views.view.watchdog:display:default:display_options:titleRecent log messages,Recent log messages,x,,,
views.view.watchdog:display:default:display_options:fields:nothing:admin_labelIcon,Icon,x,,,
views.view.watchdog:display:default:display_options:fields:wid:labelWID,WID,x,,,
views.view.watchdog:display:default:display_options:fields:severity:labelSeverity,Severity,x,,,
views.view.watchdog:display:default:display_options:fields:type:labelType,Type,x,,,
views.view.watchdog:display:default:display_options:fields:timestamp:labelDate,Date,x,,,
views.view.watchdog:display:default:display_options:fields:message:labelMessage,Message,x,,,
views.view.watchdog:display:default:display_options:fields:message:alter:pathadmin/reports/dblog/event/{{ wid }},admin/reports/dblog/event/{{ wid }},,,,
views.view.watchdog:display:default:display_options:fields:message:alter:alt{{ message }},{{ message }},,,,
views.view.watchdog:display:default:display_options:fields:name:labelUser,User,x,,,
views.view.watchdog:display:default:display_options:fields:link:labelOperations,Operations,x,,,
views.view.watchdog:display:default:display_options:pager:options:expose:items_per_page_labelItems per page,Items per page,x,,,
views.view.watchdog:display:default:display_options:pager:options:expose:items_per_page_options_all_label- All -,- All -,x,,,
views.view.watchdog:display:default:display_options:pager:options:expose:offset_labelOffset,Offset,,,,
views.view.watchdog:display:default:display_options:exposed_form:options:submit_buttonFilter,Filter,x,,,
views.view.watchdog:display:default:display_options:exposed_form:options:reset_button_labelReset,Reset,x,,,
views.view.watchdog:display:default:display_options:exposed_form:options:exposed_sorts_labelSort by,Sort by,x,,,
views.view.watchdog:display:default:display_options:exposed_form:options:sort_asc_labelAsc,Asc,,,,
views.view.watchdog:display:default:display_options:exposed_form:options:sort_desc_labelDesc,Desc,,,,
views.view.watchdog:display:default:display_options:empty:area:admin_labelNo log messages available.,No log messages available.,x,,,
views.view.watchdog:display:default:display_options:empty:area:contentNo log messages available.,No log messages available.,x,,,
views.view.watchdog:display:default:display_options:filters:type:expose:labelType,Type,x,,,
views.view.watchdog:display:default:display_options:filters:severity:expose:labelSeverity,Severity,x,,,
views.view.watchdog:display:page:display_titlePage,Page,x,,,
views.view.who_s_new:labelWho's new,Who's new,,,,
views.view.who_s_new:descriptionShows a list of the newest user accounts on the site.,Shows a list of the newest user accounts on the site.,,,,
views.view.who_s_new:display:default:display_titleDefault,Default,,,,
views.view.who_s_new:display:default:display_options:titleWho's new,Who's new,,,,
views.view.who_s_new:display:default:display_options:exposed_form:options:submit_buttonApply,Apply,,,,
views.view.who_s_new:display:default:display_options:exposed_form:options:reset_button_labelReset,Reset,,,,
views.view.who_s_new:display:default:display_options:exposed_form:options:exposed_sorts_labelSort by,Sort by,,,,
views.view.who_s_new:display:default:display_options:exposed_form:options:sort_asc_labelAsc,Asc,,,,
views.view.who_s_new:display:default:display_options:exposed_form:options:sort_desc_labelDesc,Desc,,,,
views.view.who_s_new:display:block_1:display_titleWho's new,Who's new,,,,
views.view.who_s_new:display:block_1:display_options:display_descriptionA list of new users,A list of new users,,,,
views.view.who_s_new:display:block_1:display_options:block_descriptionWho's new,Who's new,,,,
views.view.who_s_new:display:block_1:display_options:block_categoryUser,User,,,,
views.view.who_s_online:labelWho's online block,Who's online block,,,,
"views.view.who_s_online:descriptionShows the user names of the most recently active users, and the total number of active users.","Shows the user names of the most recently active users, and the total number of active users.",,,,
views.view.who_s_online:display:default:display_titleDefault,Default,,,,
views.view.who_s_online:display:default:display_options:titleWho's online,Who's online,,,,
views.view.who_s_online:display:default:display_options:exposed_form:options:submit_buttonApply,Apply,,,,
views.view.who_s_online:display:default:display_options:exposed_form:options:reset_button_labelReset,Reset,,,,
views.view.who_s_online:display:default:display_options:exposed_form:options:exposed_sorts_labelSort by,Sort by,,,,
views.view.who_s_online:display:default:display_options:exposed_form:options:sort_asc_labelAsc,Asc,,,,
views.view.who_s_online:display:default:display_options:exposed_form:options:sort_desc_labelDesc,Desc,,,,
views.view.who_s_online:display:default:display_options:empty:area_text_custom:contentThere are currently 0 users online.,There are currently 0 users online.,,,,
views.view.who_s_online:display:default:display_options:filters:access:expose:labelLast access,Last access,,,,
views.view.who_s_online:display:default:display_options:filters:access:expose:descriptionA user is considered online for this long after they have last viewed a page.,A user is considered online for this long after they have last viewed a page.,,,,
views.view.who_s_online:display:default:display_options:header:result:contentThere are currently @total users online.,There are currently @total users online.,,,,
views.view.who_s_online:display:who_s_online_block:display_titleWho's online,Who's online,,,,
views.view.who_s_online:display:who_s_online_block:display_options:display_descriptionA list of users that are currently logged in.,A list of users that are currently logged in.,,,,
views.view.who_s_online:display:who_s_online_block:display_options:block_descriptionWho's online,Who's online,,,,
